Phylum,Class,Order,Family,Species,FitnessComponent,FitnessClassification,MRmeasurement,LabField,MR.Temp,Mean.MR,Mean.Body.mass,n.rep,r,p,r.sig,r.nonsig,sig,zr,Year,Reference,Ref,Journal,JournalIF
Chordata,Mammalia,Rodentia,Sigmodontidae,Akodon azarae,Litter size,Reproduction,RMR,Lab,22,86.69,28.99,7,-0.72,< 0.05,-0.72,,1,-0.907644993,2000,Antinuchi and Busch (2000),1,Physiological and Biochemical Zoology,2.104
Chordata,Mammalia,Rodentia,Sigmodontidae,Akodon azarae,Mean body weight per litter,Reproduction,RMR,Lab,22,86.69,28.99,7,0.78,< 0.05,0.78,,1,1.045370559,2000,Antinuchi and Busch (2000),1,Physiological and Biochemical Zoology,2.104
Chordata,Mammalia,Rodentia,Sigmodontidae,Akodon azarae,Total body weight of pups per litter,Reproduction,RMR,Lab,22,86.69,28.99,7,-0.75,< 0.05,-0.75,,1,-0.972955085,2000,Antinuchi and Busch (2000),1,Physiological and Biochemical Zoology,2.104
Arthropoda,Insecta,Coleoptera,Tenebrionidae,Tribolium castaneum,Movement ability (PC),Movement/activity,RouMR,Lab,30,0.007,0.003,290,0.068,0.249,,0.068,0,0.068105103,2017,Arnold et al (2017),2,Functional Ecology,5.63
Arthropoda,Insecta,Coleoptera,Tenebrionidae,Tribolium castaneum,Movement displacement (PC),Movement/activity,RouMR,Lab,30,0.007,0.003,290,-0.108,0.065,,-0.108,0,-0.108422868,2017,Arnold et al (2017),2,Functional Ecology,5.63
Arthropoda,Insecta,Coleoptera,Tenebrionidae,Tribolium castaneum,Spontaneous activity,Movement/activity,RouMR,Lab,30,0.007,0.003,290,0.155,0.008,0.155,,1,0.156259499,2017,Arnold et al (2017),2,Functional Ecology,5.63
Mollusca,Gastropoda,Stylommatophora,Helicidae,Helix aspersa,Survival,Survival,SMR,Lab,20,0.2,4.26,185,-0.235,0.001,-0.235,,1,-0.23947521,2009,Artacho and Nespolo (2009),3,Evolution,4.201
Mollusca,Gastropoda,Stylommatophora,Helicidae,Helix aspersa,Survival,Survival,SMR,Lab,20,0.2,4.26,185,-0.138,0.061,,-0.138,0,-0.138886173,2009,Artacho and Nespolo (2009),3,Evolution,4.201
Chordata,Reptilia,Squamata,Lacertidae,Zootoca vivipara,Fecundity,Reproduction,RMR,Field,20,0.555,3.87,61,0.379,0.01,0.379,,1,0.398891402,2015,Artacho et al (2015),4,Ecology and Evolution,2.44
Chordata,Aves,Suliformes,Phalacrocoracidae,Phalacrocorax aristotelis,Peak Metabolic Rate,Active MR,RMR,Lab,29,1008,413.6,16,0.877,< 0.0001,0.877,,1,1.362622855,1999,Bech and Ostnes (1999),5,Journal of Comparative Physiology B-Biochemical Systemic and Environmental Physiology,1.947
Chordata,Aves,Suliformes,Phalacrocoracidae,Phalacrocorax aristotelis,Factorial Aerobic Scope,Aerobic capacity,RMR,Lab,29,1008,413.6,16,0.436,0.09,,0.436,0,0.467281254,1999,Bech and Ostnes (1999),5,Journal of Comparative Physiology B-Biochemical Systemic and Environmental Physiology,1.947
Chordata,Amphibia,Anura,Anaxyrus,Anaxyrus terrestris,Growth,Growth,SMR,Field,25,0.043,0.168,52,-0.11,0.69,,-0.11,0,-0.110446917,1999,Beck and Congdon (1999),6,Canadian Journal of Zoology-Revue Canadienne De Zoologie,1.347
Chordata,Amphibia,Anura,Anaxyrus,Anaxyrus terrestris,Survival,Survival,SMR,Field,25,0.043,0.168,52,-0.024,0.86,,-0.024,0,-0.02400461,1999,Beck and Congdon (1999),6,Canadian Journal of Zoology-Revue Canadienne De Zoologie,1.347
Chordata,Aves,Procellariiformes,Hydrobatidae,Oceanodroma leucorhoa,Chick wing growth rate (with female BMR),Reproduction,BMR,Lab,28,94.75,46.7,14,0.16,0.58,,0.16,0,0.161386698,2005,Blackmer et al (2005),7,Behavioral Ecology,3.311
Chordata,Aves,Procellariiformes,Hydrobatidae,Oceanodroma leucorhoa,Chick wing growth rate (with male BMR),Reproduction,BMR,Lab,28,92.95,47.2,14,-0.73,0.03,-0.73,,1,-0.928727374,2005,Blackmer et al (2005),7,Behavioral Ecology,3.311
Chordata,Aves,Procellariiformes,Hydrobatidae,Oceanodroma leucorhoa,Egg volume with female BMR,Reproduction,BMR,Lab,28,98.96,47.5,39,-0.2,0.23,,-0.2,0,-0.202732556,2005,Blackmer et al (2005),7,Behavioral Ecology,3.311
Chordata,Aves,Procellariiformes,Hydrobatidae,Oceanodroma leucorhoa,Female lifetime hatching success,Reproduction,BMR,Lab,28,98.96,47.5,27,-0.31,0.12,,-0.31,0,-0.320545413,2005,Blackmer et al (2005),7,Behavioral Ecology,3.311
Chordata,Aves,Procellariiformes,Hydrobatidae,Oceanodroma leucorhoa,Hatching date (with female BMR),Reproduction,BMR,Lab,28,94.75,46.7,15,-0.03,0.91,,-0.03,0,-0.030009005,2005,Blackmer et al (2005),7,Behavioral Ecology,3.311
Chordata,Aves,Procellariiformes,Hydrobatidae,Oceanodroma leucorhoa,Hatching date (with male BMR),Reproduction,BMR,Lab,28,92.95,47.2,14,0.78,0.001,0.78,,1,1.045370559,2005,Blackmer et al (2005),7,Behavioral Ecology,3.311
Chordata,Aves,Procellariiformes,Hydrobatidae,Oceanodroma leucorhoa,Male lifetime hatching success,Reproduction,BMR,Lab,28,99.16,47.8,22,0.1,0.65,,0.1,0,0.100335349,2005,Blackmer et al (2005),7,Behavioral Ecology,3.311
Chordata,Mammalia,Cingulata,Dasypodidae,Dasypus novemcinctus,MMRcold,Survival,BMR,Lab,30,795,4200,40,0.45,< 0.005,0.45,,1,0.484700284,2002,Boily (2002),8,Journal of Experimental Biology,3.32
Chordata,Mammalia,Rodentia,Cricetidae,Myodes glareolus,Vo2max,Active MR,BMR,Lab,30,54.95,18.3,332,0.09,0.123,,0.09,0,0.090244189,2009,Boratynski and Koteja (2009),9,Functional Ecology,5.63
Chordata,Mammalia,Rodentia,Cricetidae,Myodes glareolus,Mating success,Reproduction,BMR,Field,30,62.725,22.45,153,0.102,0.314,,0.102,0,0.102355962,2010,Boratynski and Koteja (2010),10,Functional Ecology,5.63
Chordata,Mammalia,Rodentia,Cricetidae,Myodes glareolus,Reproductive success (linear term),Reproduction,BMR,Field,30,62.725,22.45,153,0.302,0.011,0.302,,1,0.311718863,2010,Boratynski and Koteja (2010),10,Functional Ecology,5.63
Chordata,Mammalia,Rodentia,Cricetidae,Myodes glareolus,Reproductive success (quadratic term),Reproduction,BMR,Field,30,62.725,22.45,153,0.265,0.002,0.265,,1,0.271478454,2010,Boratynski and Koteja (2010),10,Functional Ecology,5.63
Chordata,Mammalia,Rodentia,Cricetidae,Myodes glareolus,Survival,Survival,BMR,Lab,29,40.43,19.45,64,0.234,0.043,0.234,,1,0.23841702,2010,Boratynski et al (2010),11,Journal of Evolutionary Biology,2.792
Chordata,Mammalia,Rodentia,Cricetidae,Myodes glareolus,Survival,Survival,BMR,Lab,29,43.45,22.35,72,0.128,0.158,,0.128,0,0.128706005,2010,Boratynski et al (2010),11,Journal of Evolutionary Biology,2.792
Chordata,Mammalia,Rodentia,Cricetidae,Myodes glareolus,Litter size,Reproduction,BMR,Lab,30,39.8,20.5,161,0.12,0.43,,0.12,0,0.12058103,2013,Boratynski et al (2013),12,Evolutionary Ecology,1.818
Chordata,Mammalia,Rodentia,Cricetidae,Myodes glareolus,Offspring mass,Reproduction,BMR,Lab,30,39.8,20.5,161,-0.42,0.005,-0.42,,1,-0.447692028,2013,Boratynski et al (2013),12,Evolutionary Ecology,1.818
Chordata,Aves,Passeriformes,Paridae,Parus major,"Reproductive performance, females",Reproduction,BMR,Field,26,77.19,18.2,104,0.037,0.704,,0.037,0,0.037016899,2011,Bouwhuis et al (2011),13,Functional Ecology,5.63
Chordata,Aves,Passeriformes,Paridae,Parus major,"Reproductive performance, males",Reproduction,BMR,Field,26,77.19,18.2,60,-0.048,0.708,,-0.048,0,-0.048036916,2011,Bouwhuis et al (2011),13,Functional Ecology,5.63
Chordata,Aves,Passeriformes,Paridae,Parus major,"Exploration behaviour, females",Movement/activity,BMR,Field,26,75.63,17.6,345,-0.123,0.022,-0.123,,1,-0.123625982,2014,Bouwhuis et al (2014),14,Oikos,4.03
Chordata,Aves,Passeriformes,Paridae,Parus major,"Exploration behaviour, males",Movement/activity,BMR,Field,26,78.92,18.9,335,0.061,0.26,,0.061,0,0.06107583,2014,Bouwhuis et al (2014),14,Oikos,4.03
Chordata,Aves,Passeriformes,Paridae,Parus major,"Number of offspring, females, quadratic",Reproduction,BMR,Field,26,75.63,17.6,345,0.034,> 0.05,,0.034,0,0.034013111,2014,Bouwhuis et al (2014),14,Oikos,4.03
Chordata,Aves,Passeriformes,Paridae,Parus major,"Number of offspring, males, quadratic",Reproduction,BMR,Field,26,78.92,18.9,335,-0.218,< 0.001,-0.218,,1,-0.221555356,2014,Bouwhuis et al (2014),14,Oikos,4.03
Chordata,Aves,Passeriformes,Paridae,Parus major,"Reproduction, females, quadratic",Reproduction,BMR,Field,26,75.63,17.6,345,0.002,> 0.05,,0.002,0,0.002000003,2014,Bouwhuis et al (2014),14,Oikos,4.03
Chordata,Aves,Passeriformes,Paridae,Parus major,"Reproduction, males, quadratic",Reproduction,BMR,Field,26,78.92,18.9,335,-0.088,> 0.05,,-0.088,0,-0.08822822,2014,Bouwhuis et al (2014),14,Oikos,4.03
Chordata,Aves,Passeriformes,Paridae,Parus major,Survival,Survival,BMR,Field,26,78.92,18.9,335,0.034,> 0.05,,0.034,0,0.034013111,2014,Bouwhuis et al (2014),14,Oikos,4.03
Chordata,Aves,Passeriformes,Paridae,Parus major,Survival,Survival,BMR,Field,26,75.63,17.6,345,0.044,> 0.05,,0.044,0,0.044028428,2014,Bouwhuis et al (2014),14,Oikos,4.03
Arthropoda,Malacostraca,Decapoda,Palaemonidae,Macrobrachium rosenbergii,Dominance,Dominance,RMR,Lab,28,NA,NA,16,0.579,0.02,0.579,,1,0.660957097,2003,Brown et al (2003),15,Marine and Freshwater Behaviour and Physiology,0.958
Chordata,Aves,Passeriformes,Cinclidae,Cinclus cinclus,Asin % contact wins,Dominance,BMR,Lab,26,169.99,66.25,20,0.49,< 0.05,0.49,,1,0.536060342,1994,Bryant and Newton (1994),16,Animal Behaviour,2.869
Chordata,Aves,Passeriformes,Cinclidae,Cinclus cinclus,Asin % time on perch,Dominance,BMR,Lab,26,169.99,66.25,20,0.29,> 0.05,,0.29,0,0.298566267,1994,Bryant and Newton (1994),16,Animal Behaviour,2.869
Chordata,Aves,Passeriformes,Cinclidae,Cinclus cinclus,Asin % wins,Dominance,BMR,Lab,26,169.99,66.25,20,0.45,< 0.05,0.45,,1,0.484700284,1994,Bryant and Newton (1994),16,Animal Behaviour,2.869
Chordata,Aves,Passeriformes,Cinclidae,Cinclus cinclus,Dominance,Dominance,BMR,Lab,26,169.99,66.25,20,0.34,> 0.05,,0.34,0,0.354092533,1994,Bryant and Newton (1994),16,Animal Behaviour,2.869
Chordata,Aves,Passeriformes,Cinclidae,Cinclus cinclus,Number of contact wins,Dominance,BMR,Lab,26,169.99,66.25,20,0.46,< 0.05,0.46,,1,0.497311293,1994,Bryant and Newton (1994),16,Animal Behaviour,2.869
Chordata,Aves,Passeriformes,Cinclidae,Cinclus cinclus,Number of interactions,Dominance,BMR,Lab,26,169.99,66.25,20,0.11,> 0.05,,0.11,0,0.110446917,1994,Bryant and Newton (1994),16,Animal Behaviour,2.869
Chordata,Aves,Passeriformes,Cinclidae,Cinclus cinclus,Number of non-contact wins,Dominance,BMR,Lab,26,169.99,66.25,20,0.32,> 0.05,,0.32,0,0.331647112,1994,Bryant and Newton (1994),16,Animal Behaviour,2.869
Chordata,Aves,Passeriformes,Cinclidae,Cinclus cinclus,Number of songs,Dominance,BMR,Lab,26,169.99,66.25,20,0.23,> 0.05,,0.23,0,0.234189469,1994,Bryant and Newton (1994),16,Animal Behaviour,2.869
Chordata,Aves,Passeriformes,Cinclidae,Cinclus cinclus,Number of wins,Dominance,BMR,Lab,26,169.99,66.25,20,0.43,> 0.05,,0.43,0,0.459896686,1994,Bryant and Newton (1994),16,Animal Behaviour,2.869
Chordata,Actinopterygii,Salmoniformes,Salmonidae,Salmo trutta,Maternal dominance,Dominance,SMR,Lab,10.9,NA,NA,301,0.097,0.194,,,0,0.097305954,2013,Burton et al (2013),17,Proceedings of the Royal Society B-Biological Sciences,4.94
Chordata,Actinopterygii,Salmoniformes,Salmonidae,Salmo trutta,Prolonged swimming perfomance,Aerobic capacity,SMR,Lab,15,NA,30.47,50,-0.86,0.019,-0.86,,1,-1.293344686,2006,Cano and Nicieza (2006),18,Functional Ecology,5.63
Chordata,Mammalia,Rodentia,Cricetidae,Peromyscus maniculatus,Distance moved,Movement/activity,RMR,Lab,31,37.7,21,105,,,,,0,0,2011,Careau et al (2011),19,Journal of Evolutionary Biology,2.792
Chordata,Mammalia,Rodentia,Cricetidae,Peromyscus maniculatus,Time in centre,Movement/activity,RMR,Lab,31,37.7,21,105,,,,,0,0,2011,Careau et al (2011),19,Journal of Evolutionary Biology,2.792
Chordata,Mammalia,Rodentia,Sciuridae,Tamias striatus,Vo2max resid on body mass,Active MR,RMR,Lab,30,132.89,89.6,20,-0.542,0.015,-0.542,,1,-0.606983191,2012,Careau et al (2012),20,Canadian Journal of Zoology-Revue Canadienne De Zoologie,1.347
Chordata,Mammalia,Rodentia,Sciuridae,Tamias striatus,Vo2max resid on full model,Active MR,RMR,Lab,30,132.89,89.6,20,-0.145,> 0.05,,-0.145,0,-0.146029225,2012,Careau et al (2012),20,Canadian Journal of Zoology-Revue Canadienne De Zoologie,1.347
Chordata,Mammalia,Rodentia,Sciuridae,Tamias striatus,Vo2max uncorrected,Active MR,RMR,Lab,30,132.89,89.6,20,-0.27,0.25,,-0.27,0,-0.276863826,2012,Careau et al (2012),20,Canadian Journal of Zoology-Revue Canadienne De Zoologie,1.347
Chordata,Mammalia,Rodentia,Sciuridae,Tamias striatus,Daily energy expenditure (DEE),Active MR,RMR,Field,30,112.327,90.8,17,0.069,0.77,,0.069,0,0.069109818,2013,Careau et al (2013a),21,Journal of Experimental Biology,3.32
Chordata,Mammalia,Rodentia,Sciuridae,Tamias striatus,Growth rate,Growth,RMR,Field,30,107.135,80.1,66,0.318,0.01,0.318,,1,0.329420532,2013,Careau et al (2013b),22,Oecologia,3.13
Chordata,Mammalia,Rodentia,Sciuridae,Tamias striatus,Survival,Survival,RMR,Field,30,107.135,80.1,66,-0.284,0.02,-0.284,,1,-0.292027662,2013,Careau et al (2013b),22,Oecologia,3.13
Chordata,Aves,Passeriformes,Estrildidae,Taeniopygia guttata,Activity (familiar),Movement/activity,BMR,Lab,32,40.5,10.31,30,-0.45,0.091,,-0.45,0,-0.484700284,2014,Careau et al (2014a),23,Biology Letters,3.089
Chordata,Aves,Passeriformes,Estrildidae,Taeniopygia guttata,Activity (novel),Movement/activity,BMR,Lab,32,40.5,10.31,30,-0.62,0.037,-0.62,,1,-0.725005095,2014,Careau et al (2014a),23,Biology Letters,3.089
Chordata,Aves,Passeriformes,Estrildidae,Taeniopygia guttata,Feeding behaviour (familiar),Movement/activity,BMR,Lab,32,40.5,10.31,30,0.02,0.806,,0.02,0,0.020002668,2014,Careau et al (2014a),23,Biology Letters,3.089
Chordata,Aves,Passeriformes,Estrildidae,Taeniopygia guttata,Feeding behaviour (novel),Movement/activity,BMR,Lab,32,40.5,10.31,30,0.04,0.646,,0.04,0,0.040021354,2014,Careau et al (2014a),23,Biology Letters,3.089
Chordata,Aves,Passeriformes,Passeridae,Passer domesticus,MMRexercise,Active MR,BMR,Lab,30,NA,NA,300,0.037,0.53,,0.037,0,0.037016899,2014,Careau et al (2014b),24,Journal of Experimental Biology,3.32
Chordata,Mammalia,Rodentia,Sciuridae,Urocitellus beldingi,MMR cold,Active MR,BMR,Lab,31,206.305,225.5,95,0.005,0.96,,0.005,0,0.005000042,1995,Chappell and Bachman (1995),25,Physiological Zoology,2.104
Chordata,Mammalia,Rodentia,Sciuridae,Urocitellus beldingi,Vo2max,Active MR,BMR,Lab,31,206.305,225.5,95,0.31,0.002,0.31,,1,0.320545413,1995,Chappell and Bachman (1995),25,Physiological Zoology,2.104
Chordata,Aves,Passeriformes,Passeridae,Passer domesticus,Vo2max,Active MR,BMR,Lab,32.5,64.28,22.31,30,0.436,0.016,0.436,,1,0.467281254,1999,Chappell et al (1999),26,Journal of Experimental Biology,3.32
Chordata,Aves,Passeriformes,Passeridae,Passer domesticus,Vo2max,Active MR,BMR,Lab,32.5,60.291,22.71,66,0.23,0.069,,0.23,0,0.234189469,1999,Chappell et al (1999),26,Journal of Experimental Biology,3.32
Chordata,Mammalia,Rodentia,Cricetidae,Peromyscus maniculatus,Vo2max,Active MR,BMR,Lab,31,44.88,22.4,122,0.174,0.058,,0.174,0,0.175788615,2003,Chappell et al (2003),27,Journal of Experimental Biology,3.32
Chordata,Mammalia,Rodentia,Cricetidae,Peromyscus maniculatus,Vo2max,Active MR,BMR,Lab,31,44.88,22.4,82,0.1,> 0.15,,0.1,0,0.100335349,2003,Chappell et al (2003),27,Journal of Experimental Biology,3.32
Chordata,Mammalia,Rodentia,Cricetidae,Peromyscus maniculatus,Daily MR (DMR) ,Active MR,RMR,Lab,25,27.84,22.2,32,0.869,< 0.05,0.869,,1,1.328980756,2004,Chappell et al (2004),28,Journal of Experimental Biology,3.32
Chordata,Mammalia,Rodentia,Cricetidae,Peromyscus maniculatus,Daily MR (DMR) ,Active MR,RMR,Lab,10,69.6,22.2,32,0.637,< 0.05,0.637,,1,0.753108879,2004,Chappell et al (2004),28,Journal of Experimental Biology,3.32
Chordata,Mammalia,Rodentia,Cricetidae,Peromyscus maniculatus,Daily MR (DMR) ,Active MR,RMR,Lab,3,78.6,22.2,32,0.632,< 0.05,0.632,,1,0.744739306,2004,Chappell et al (2004),28,Journal of Experimental Biology,3.32
Chordata,Mammalia,Rodentia,Cricetidae,Peromyscus maniculatus,Vo2max,Active MR,RMR,Lab,25,27.84,22.2,32,-0.083,> 0.05,,-0.083,0,-0.083191388,2004,Chappell et al (2004),28,Journal of Experimental Biology,3.32
Chordata,Mammalia,Rodentia,Cricetidae,Peromyscus maniculatus,Vo2max,Active MR,RMR,Lab,10,69.6,22.2,32,0.374,< 0.05,0.374,,1,0.393065555,2004,Chappell et al (2004),28,Journal of Experimental Biology,3.32
Chordata,Mammalia,Rodentia,Cricetidae,Peromyscus maniculatus,Vo2max,Active MR,RMR,Lab,3,78.6,22.2,32,0.269,> 0.05,,0.269,0,0.275785507,2004,Chappell et al (2004),28,Journal of Experimental Biology,3.32
Chordata,Mammalia,Rodentia,Cricetidae,Peromyscus maniculatus,Vo2max over 1 min (Vo2 1) ,Active MR,RMR,Lab,25,27.84,22.2,32,0.642,< 0.05,0.642,,1,0.76156866,2004,Chappell et al (2004),28,Journal of Experimental Biology,3.32
Chordata,Mammalia,Rodentia,Cricetidae,Peromyscus maniculatus,Vo2max over 1 min (Vo2 1) ,Active MR,RMR,Lab,10,69.6,22.2,32,0.549,< 0.05,0.549,,1,0.616948757,2004,Chappell et al (2004),28,Journal of Experimental Biology,3.32
Chordata,Mammalia,Rodentia,Cricetidae,Peromyscus maniculatus,Vo2max over 1 min (Vo2 1) ,Active MR,RMR,Lab,3,78.6,22.2,32,0.598,< 0.05,0.598,,1,0.690028026,2004,Chappell et al (2004),28,Journal of Experimental Biology,3.32
Chordata,Mammalia,Rodentia,Cricetidae,Peromyscus maniculatus,Maximum wheel speed over 1 min (Vmax) ,Movement/activity,RMR,Lab,25,27.84,22.2,32,0.393,< 0.05,0.393,,1,0.415343096,2004,Chappell et al (2004),28,Journal of Experimental Biology,3.32
Chordata,Mammalia,Rodentia,Cricetidae,Peromyscus maniculatus,Maximum wheel speed over 1 min (Vmax) ,Movement/activity,RMR,Lab,10,69.6,22.2,32,-0.06,> 0.05,,-0.06,0,-0.060072157,2004,Chappell et al (2004),28,Journal of Experimental Biology,3.32
Chordata,Mammalia,Rodentia,Cricetidae,Peromyscus maniculatus,Maximum wheel speed over 1 min (Vmax) ,Movement/activity,RMR,Lab,3,78.6,22.2,32,-0.098,> 0.05,,-0.098,0,-0.098315552,2004,Chappell et al (2004),28,Journal of Experimental Biology,3.32
Chordata,Mammalia,Rodentia,Cricetidae,Peromyscus maniculatus,Mean duraction of running bout (Dbout) ,Movement/activity,RMR,Lab,25,27.84,22.2,32,0.25,> 0.05,,0.25,0,0.255412815,2004,Chappell et al (2004),28,Journal of Experimental Biology,3.32
Chordata,Mammalia,Rodentia,Cricetidae,Peromyscus maniculatus,Mean duraction of running bout (Dbout) ,Movement/activity,RMR,Lab,10,69.6,22.2,32,-0.22,> 0.05,,-0.22,0,-0.223656111,2004,Chappell et al (2004),28,Journal of Experimental Biology,3.32
Chordata,Mammalia,Rodentia,Cricetidae,Peromyscus maniculatus,Mean duraction of running bout (Dbout) ,Movement/activity,RMR,Lab,3,78.6,22.2,32,-0.305,> 0.05,,-0.305,0,-0.31502324,2004,Chappell et al (2004),28,Journal of Experimental Biology,3.32
Chordata,Mammalia,Rodentia,Cricetidae,Peromyscus maniculatus,Mean wheel speed over 23.5h (Vmean),Movement/activity,RMR,Lab,25,27.84,22.2,32,0.326,> 0.05,,0.326,0,0.338346033,2004,Chappell et al (2004),28,Journal of Experimental Biology,3.32
Chordata,Mammalia,Rodentia,Cricetidae,Peromyscus maniculatus,Mean wheel speed over 23.5h (Vmean),Movement/activity,RMR,Lab,10,69.6,22.2,32,-0.009,> 0.05,,-0.009,0,-0.009000243,2004,Chappell et al (2004),28,Journal of Experimental Biology,3.32
Chordata,Mammalia,Rodentia,Cricetidae,Peromyscus maniculatus,Mean wheel speed over 23.5h (Vmean),Movement/activity,RMR,Lab,3,78.6,22.2,32,-0.154,> 0.05,,-0.154,0,-0.155235045,2004,Chappell et al (2004),28,Journal of Experimental Biology,3.32
Chordata,Mammalia,Rodentia,Cricetidae,Peromyscus maniculatus,Number of running bouts (Bouts),Movement/activity,RMR,Lab,25,27.84,22.2,32,0.221,> 0.05,,0.221,0,0.224707216,2004,Chappell et al (2004),28,Journal of Experimental Biology,3.32
Chordata,Mammalia,Rodentia,Cricetidae,Peromyscus maniculatus,Number of running bouts (Bouts),Movement/activity,RMR,Lab,10,69.6,22.2,32,-0.019,> 0.05,,-0.019,0,-0.019002287,2004,Chappell et al (2004),28,Journal of Experimental Biology,3.32
Chordata,Mammalia,Rodentia,Cricetidae,Peromyscus maniculatus,Number of running bouts (Bouts),Movement/activity,RMR,Lab,3,78.6,22.2,32,-0.021,> 0.05,,-0.021,0,-0.021003088,2004,Chappell et al (2004),28,Journal of Experimental Biology,3.32
Chordata,Mammalia,Rodentia,Cricetidae,Peromyscus maniculatus,Total distance run (Drun),Movement/activity,RMR,Lab,25,27.84,22.2,32,0.394,< 0.05,0.394,,1,0.416526307,2004,Chappell et al (2004),28,Journal of Experimental Biology,3.32
Chordata,Mammalia,Rodentia,Cricetidae,Peromyscus maniculatus,Total distance run (Drun),Movement/activity,RMR,Lab,10,69.6,22.2,32,-0.18,> 0.05,,-0.18,0,-0.181982691,2004,Chappell et al (2004),28,Journal of Experimental Biology,3.32
Chordata,Mammalia,Rodentia,Cricetidae,Peromyscus maniculatus,Total distance run (Drun),Movement/activity,RMR,Lab,3,78.6,22.2,32,-0.232,> 0.05,,-0.232,0,-0.236302208,2004,Chappell et al (2004),28,Journal of Experimental Biology,3.32
Chordata,Mammalia,Rodentia,Cricetidae,Peromyscus maniculatus,Total time run (T) ,Movement/activity,RMR,Lab,25,27.84,22.2,32,0.395,< 0.05,0.395,,1,0.417710622,2004,Chappell et al (2004),28,Journal of Experimental Biology,3.32
Chordata,Mammalia,Rodentia,Cricetidae,Peromyscus maniculatus,Total time run (T) ,Movement/activity,RMR,Lab,10,69.6,22.2,32,-0.19,> 0.05,,-0.19,0,-0.192337171,2004,Chappell et al (2004),28,Journal of Experimental Biology,3.32
Chordata,Mammalia,Rodentia,Cricetidae,Peromyscus maniculatus,Total time run (T) ,Movement/activity,RMR,Lab,3,78.6,22.2,32,-0.257,> 0.05,,-0.257,0,-0.262893585,2004,Chappell et al (2004),28,Journal of Experimental Biology,3.32
Chordata,Mammalia,Rodentia,Muridae,Meriones unguiculatus,Average daily metabolic rate (ADMR) ,Active MR,BMR,Lab,30,64.2,67.7,27,-0.099,0.623,,-0.099,0,-0.099325349,2007,Chappell et al (2007),29,Journal of Experimental Biology,3.32
Chordata,Mammalia,Rodentia,Muridae,Meriones unguiculatus,Vo2max,Active MR,BMR,Lab,30,64.2,67.7,27,-0.101,0.615,,-0.101,0,-0.101345552,2007,Chappell et al (2007),29,Journal of Experimental Biology,3.32
Chordata,Mammalia,Rodentia,Muridae,Meriones unguiculatus,Vo2max over 1 min (Vo2 1) ,Active MR,BMR,Lab,30,64.2,67.7,27,0.023,0.908,,0.023,0,0.023004057,2007,Chappell et al (2007),29,Journal of Experimental Biology,3.32
Chordata,Mammalia,Rodentia,Muridae,Meriones unguiculatus,Intercept for cost of transport in forced running (tCOTint),Aerobic capacity,BMR,Lab,30,64.2,67.7,27,0.083,0.699,,0.083,0,0.083191388,2007,Chappell et al (2007),29,Journal of Experimental Biology,3.32
Chordata,Mammalia,Rodentia,Muridae,Meriones unguiculatus,Intercept for cost of transport in vol. running (vCOTint),Aerobic capacity,BMR,Lab,30,64.2,67.7,27,0.223,0.263,,0.223,0,0.226810895,2007,Chappell et al (2007),29,Journal of Experimental Biology,3.32
Chordata,Mammalia,Rodentia,Muridae,Meriones unguiculatus,Slope for cost of transport in forced running (tCOTslp) ,Aerobic capacity,BMR,Lab,30,64.2,67.7,27,0.042,0.845,,0.042,0,0.042024723,2007,Chappell et al (2007),29,Journal of Experimental Biology,3.32
Chordata,Mammalia,Rodentia,Muridae,Meriones unguiculatus,Slope for cost of transport in vol. running (vCOTslp) ,Aerobic capacity,BMR,Lab,30,64.2,67.7,27,-0.299,0.13,,-0.299,0,-0.308421068,2007,Chappell et al (2007),29,Journal of Experimental Biology,3.32
Chordata,Mammalia,Rodentia,Muridae,Meriones unguiculatus,Distance traveled in 24h (Drun) ,Movement/activity,BMR,Lab,30,64.2,67.7,27,0.086,0.671,,0.086,0,0.086212965,2007,Chappell et al (2007),29,Journal of Experimental Biology,3.32
Chordata,Mammalia,Rodentia,Muridae,Meriones unguiculatus,Max. aerobic speed in forced locomotion (Tmas) ,Movement/activity,BMR,Lab,30,64.2,67.7,27,-0.128,0.552,,-0.128,0,-0.128706005,2007,Chappell et al (2007),29,Journal of Experimental Biology,3.32
Chordata,Mammalia,Rodentia,Muridae,Meriones unguiculatus,Max. aerobic speed in vol. locomotion (Vmas) ,Movement/activity,BMR,Lab,30,64.2,67.7,27,0.177,0.377,,0.177,0,0.178883955,2007,Chappell et al (2007),29,Journal of Experimental Biology,3.32
Chordata,Mammalia,Rodentia,Muridae,Meriones unguiculatus,Max. wheel speed over 1 min (Vmax) ,Movement/activity,BMR,Lab,30,64.2,67.7,27,-0.026,0.899,,-0.026,0,-0.026005861,2007,Chappell et al (2007),29,Journal of Experimental Biology,3.32
Chordata,Mammalia,Rodentia,Muridae,Meriones unguiculatus,Sprint speed,Movement/activity,BMR,Lab,30,64.2,67.7,27,-0.128,0.533,,-0.128,0,-0.128706005,2007,Chappell et al (2007),29,Journal of Experimental Biology,3.32
Chordata,Mammalia,Rodentia,Muridae,Meriones unguiculatus,Time spent running in 24h (Trun) ,Movement/activity,BMR,Lab,30,64.2,67.7,27,0.052,0.796,,0.052,0,0.052046946,2007,Chappell et al (2007),29,Journal of Experimental Biology,3.32
Chordata,Mammalia,Rodentia,Cricetidae,Phodopus roborovskii,Non-shivering thermogenesis (NST) ,Survival,RMR,Lab,30,30.084,21.8,16,-0.672,0.0031,-0.672,,1,-0.814381101,2011,Chi and Wang (2011),30,Journal of Comparative Physiology B-Biochemical Systemic and Environmental Physiology,1.947
Chordata,Aves,Passeriformes,Emberizidae,Junco hyemalis,Dominance,Dominance,SMR,Lab,5.5,148.95,18.375,18,0.181,0.32,,0.181,0,0.183016368,1995,Cristol (1995),31,Behavioral Ecology and Sociobiology,2.185
Chordata,Actinopterygii,Salmoniformes,Salmonidae,Salmo salar,Aggression,Dominance,SMR,Lab,9,NA,1.06,60,0.388,< 0.05,0.388,,1,0.381489142,1998,Cutts et al (1998),32,Journal of Fish Biology,1.519
Chordata,Actinopterygii,Salmoniformes,Salmonidae,Salmo salar,Dominance,Dominance,SMR,Lab,9,NA,0.359,53,0.258,0.05,0.258,,1,0.2639646,1999,Cutts et al (1999),33,Oikos,4.03
Chordata,Actinopterygii,Salmoniformes,Salmonidae,Salvelinus alpinus,Aggression,Dominance,SMR,Lab,13,NA,6.6,40,0.564,< 0.05,0.564,,1,0.638679846,2001,Cutts et al (2001),34,Canadian Journal of Fisheries and Aquatic Sciences,2.466
Chordata,Actinopterygii,Salmoniformes,Salmonidae,Salmo salar,Metabolic scope (SMR-AMR),Aerobic capacity,SMR,Lab,9,NA,3.86,43,-0.599,< 0.001,-0.599,,1,-0.69158615,2002,Cutts et al (2002),35,Functional Ecology,5.63
Chordata,Mammalia,Carnivora,Otaiidae,Zalophus californianus,Submerged swimming Vo2,Active MR,RMR,Lab,22,34271.89,84371.86,20,0.998,< 0.001,0.998,,1,2.145736842,2012,Dassis et al (2012),36,Journal of Experimental Marine Biology and Ecology,1.937
Chordata,Mammalia,Rodentia,Muridae,Mus musculus domesticus,Vo2max,Active MR,BMR,Lab,32,43.68,23.8,337,0.04,> 0.05,,0.04,0,0.040021354,2001,Dohm et al (2001),37,Genetics,4.556
Chordata,Mammalia,Rodentia,Muridae,Mus musculus domesticus,Lifespan,Survival,RMR,Lab,30,46.675,38.6,92,-0.219,0.036,-0.219,,1,-0.222605492,2014,Duarte and Speakman (2014),38,Age,2.123
Chordata,Mammalia,Rodentia,Muridae,Mus musculus domesticus,Lifespan,Survival,RMR,Lab,30,47.616,38.6,53,-0.332,0.015,-0.332,,1,-0.345074342,2014,Duarte and Speakman (2014),38,Age,2.123
Chordata,Aves,Charadriiformes,Laridae,Rissa tridactyla,Daily energy expenditure (DEE) during chick rearing,Active MR,RMR,Field,16.65,604.039,420,32,0.316,0.3,,0.316,0,0.327197101,2013,Elliot et al (2013),39,Biology Open,2.095
Chordata,Aves,Charadriiformes,Alcidae,Uria lomvia,Daily energy expenditure (DEE) during chick rearing,Active MR,RMR,Field,16.65,1126.731,998,53,0.173,0.67,,0.173,0,0.174757579,2013,Elliot et al (2013),39,Biology Open,2.095
Chordata,Actinopterygii,Salmoniformes,Salmonidae,Salvelinus fontinalis,Proportion of time spent moving,Movement/activity,RMR,Field,10,0.983,0.15,73,0.13,0.36,,0.13,0,0.130739851,2009,Farwell and McLaughlin (2009),40,Behavioral Ecology,3.311
Arthropoda,Insecta,Diptera,Drosophilidae,Drosophila buzzatii,Adult developmental rate,Growth,RMR,Lab,25,NA,NA,NA,-0.43,< 0.01,-0.43,,1,-0.459896686,2010,Folguera et al (2010),41,Journal of Insect Physiology,2.227
Arthropoda,Insecta,Diptera,Drosophilidae,Drosophila buzzatii,Larvae developmental rate,Growth,RMR,Lab,25,NA,NA,NA,-0.43,< 0.01,-0.43,,1,-0.459896686,2010,Folguera et al (2010),41,Journal of Insect Physiology,2.227
Arthropoda,Insecta,Diptera,Drosophilidae,Drosophila buzzatii,Pupae developmental rate,Growth,RMR,Lab,25,NA,NA,NA,0.25,> 0.05,,0.25,0,0.255412815,2010,Folguera et al (2010),41,Journal of Insect Physiology,2.227
Chordata,Actinopterygii,Siluriformes,Siluridae,Silurus meridionalis,Postprandial Vo2max,Active MR,RMR,Lab,25,2.342,13.6,72,0.454,< 0.001,0.454,,1,0.489727346,2008,Fu et al (2008),42,Journal of Fish Biology,1.519
Chordata,Actinopterygii,Siluriformes,Siluridae,Silurus meridionalis,Factorial scope post-exercise,Aerobic capacity,RMR,Lab,25,2.342,13.6,72,-0.423,< 0.001,-0.423,,1,-0.451340171,2008,Fu et al (2008),42,Journal of Fish Biology,1.519
Chordata,Actinopterygii,Siluriformes,Siluridae,Silurus meridionalis,Factorial scope postprandial,Aerobic capacity,RMR,Lab,25,2.342,13.6,72,-0.405,< 0.001,-0.405,,1,-0.429615593,2008,Fu et al (2008),42,Journal of Fish Biology,1.519
Chordata,Aves,Charadriiformes,Laridae,Rissa tridactyla,Field metabolic rate (FMR),Active MR,BMR,Field,12.5,426.4,328,27,0.06,0.4,,0.06,0,0.060072157,2001,Fyhn et al (2001),43,Physiological and Biochemical Zoology,2.104
Chordata,Reptilia,Squamata,Iguanidae,Ctenosaura similis,Vco2max,Active MR,SMR,Lab,40,40.813,207.82,18,-0.152,0.548,,-0.152,0,-0.153187104,1984,Garland (1984),44,American Journal of Physiology,2.982
Chordata,Reptilia,Squamata,Iguanidae,Ctenosaura similis,Vo2max,Active MR,SMR,Lab,40,40.813,207.82,18,0.122,0.6296,,0.122,0,0.122610748,1984,Garland (1984),44,American Journal of Physiology,2.982
Chordata,Reptilia,Squamata,Agamidae,Ctenophorus nuchalis,Vo2max,Active MR,SMR,Lab,40,5.384,21.842,56,0.219,0.1048,,0.219,0,0.222605492,1987,Garland and Else (1987),45,American Journal of Physiology,2.982
Chordata,Mammalia,Rodentia,Muridae,Mus musculus domesticus,Non-shivering thermogenesis,Survival,BMR,Lab,31.5,58.23,36.75,40,-0.38,< 0.05,-0.38,,1,-0.400059654,2008,Gebczynski (2008),46,Journal of Thermal Biology,2.157
Chordata,Actinopterygii,Anguilliformes,Anguillidae,Anguilla anguilla,Aggression (attacks),Dominance,SMR,Lab,NA,NA,NA,128,0.71,< 0.001,0.71,,1,0.660957097,2016,Geffroy et al (2016),47,Physiology & Behavior,2.341
Chordata,Actinopterygii,Anguilliformes,Anguillidae,Anguilla anguilla,Aggression (attacks),Dominance,SMR,Lab,NA,NA,NA,128,0.2,0.02,0.2,,1,0.198569335,2016,Geffroy et al (2016),47,Physiology & Behavior,2.341
Chordata,Actinopterygii,Anguilliformes,Anguillidae,Anguilla anguilla,Aggression (attacks),Dominance,SMR,Lab,NA,NA,NA,128,0.765,< 0.001,0.765,,1,0.705742312,2016,Geffroy et al (2016),47,Physiology & Behavior,2.341
Chordata,Actinopterygii,Anguilliformes,Anguillidae,Anguilla anguilla,Aggression (attacks),Dominance,SMR,Lab,NA,NA,NA,512,0.851,< 0.001,0.851,,1,0.771843276,2016,Geffroy et al (2016),47,Physiology & Behavior,2.341
Chordata,Actinopterygii,Anguilliformes,Anguillidae,Anguilla anguilla,Aggression (food thefts),Dominance,SMR,Lab,NA,NA,NA,128,0.066,0.45,,0.066,0,0.066096084,2016,Geffroy et al (2016),47,Physiology & Behavior,2.341
Chordata,Actinopterygii,Anguilliformes,Anguillidae,Anguilla anguilla,Aggression (food thefts),Dominance,SMR,Lab,NA,NA,NA,128,0.131,0.13,,0.131,0,0.130739851,2016,Geffroy et al (2016),47,Physiology & Behavior,2.341
Chordata,Actinopterygii,Anguilliformes,Anguillidae,Anguilla anguilla,Aggression (food thefts),Dominance,SMR,Lab,NA,NA,NA,128,0.209,0.02,0.209,,1,0.206902722,2016,Geffroy et al (2016),47,Physiology & Behavior,2.341
Chordata,Actinopterygii,Anguilliformes,Anguillidae,Anguilla anguilla,Aggression (food thefts),Dominance,SMR,Lab,NA,NA,NA,512,0.233,< 0.01,0.233,,1,0.2310242,2016,Geffroy et al (2016),47,Physiology & Behavior,2.341
Chordata,Amphibia,Caudata,Plenthodontidae,Desmognathus brimleyorum,Exploratory behaviour,Boldness,SMR,Lab,15,NA,NA,57,-0.41,0.359,,-0.41,0,-0.435611228,2014,Gifford et al (2014),48,Physiological and Biochemical Zoology,2.104
Chordata,Amphibia,Caudata,Plenthodontidae,Desmognathus brimleyorum,Feeding rate,Boldness,SMR,Lab,15,NA,NA,57,0.25,0.461,,0.25,0,0.255412815,2014,Gifford et al (2014),48,Physiological and Biochemical Zoology,2.104
Chordata,Amphibia,Anura,Bufonidae,Atelopus nocturnus,Vo2max,Active MR,RMR,Lab,24.5,NA,1.448,10,0.521,0.1504,,0.521,0,0.577711353,2004,Gomes et al (2004),49,Physiological and Biochemical Zoology,2.104
Chordata,Amphibia,Anura,Bufonidae,Atelopus varius,Vo2max,Active MR,RMR,Lab,24.5,NA,1.376,10,-0.161,0.679,,-0.161,0,-0.162413139,2004,Gomes et al (2004),49,Physiological and Biochemical Zoology,2.104
Chordata,Amphibia,Anura,Dendrobatidae,Colostethus subpunctatus,Vo2max,Active MR,RMR,Lab,24.5,NA,0.972,10,-0.667,0.049,-0.667,,1,-0.805319205,2004,Gomes et al (2004),49,Physiological and Biochemical Zoology,2.104
Chordata,Amphibia,Anura,Aromobatidae,Colostethus talamancae,Vo2max,Active MR,RMR,Lab,24.5,NA,0.9,9,0.617,0.1032,,0.617,0,0.720146443,2004,Gomes et al (2004),49,Physiological and Biochemical Zoology,2.104
Chordata,Amphibia,Anura,Hylidae,Dendropsophus labialis,Vo2max,Active MR,RMR,Lab,24.5,NA,5.89,10,-0.207,0.5931,,-0.207,0,-0.210035002,2004,Gomes et al (2004),49,Physiological and Biochemical Zoology,2.104
Chordata,Amphibia,Anura,Hylidae,Dendropsophus microcephalus,Vo2max,Active MR,RMR,Lab,24.5,NA,0.566,8,-0.261,0.5718,,-0.261,0,-0.26718121,2004,Gomes et al (2004),49,Physiological and Biochemical Zoology,2.104
Chordata,Amphibia,Anura,Craugastoridae,Eleutherodactylus bogotensis,Vo2max,Active MR,RMR,Lab,24.5,NA,2.561,10,-0.175,0.6525,,-0.175,0,-0.176820022,2004,Gomes et al (2004),49,Physiological and Biochemical Zoology,2.104
Chordata,Amphibia,Anura,Craugastoridae,Eleutherodactylus bogotensis,Vo2max,Active MR,RMR,Lab,24.5,NA,1.305,10,0.291,0.4474,,0.291,0,0.299658435,2004,Gomes et al (2004),49,Physiological and Biochemical Zoology,2.104
Chordata,Amphibia,Anura,Eleutherodactylidae,Eleutherodactylus diastema,Vo2max,Active MR,RMR,Lab,24.5,NA,0.568,9,-0.552,0.156,,-0.552,0,-0.621253241,2004,Gomes et al (2004),49,Physiological and Biochemical Zoology,2.104
Chordata,Amphibia,Anura,Hylidae,Hyla labialis,Vo2max,Active MR,RMR,Lab,24.5,NA,12.049,10,0.411,0.2718,,0.411,0,0.436813889,2004,Gomes et al (2004),49,Physiological and Biochemical Zoology,2.104
Chordata,Amphibia,Anura,Hylidae,Hyla prasina,Vo2max,Active MR,RMR,Lab,24.5,NA,4.428,9,0.021,0.9606,,0.021,0,0.021003088,2004,Gomes et al (2004),49,Physiological and Biochemical Zoology,2.104
Chordata,Amphibia,Anura,Hylidae,Scinax argyreornatus,Vo2max,Active MR,RMR,Lab,24.5,NA,0.348,11,0.436,0.2078,,0.436,0,0.467281254,2004,Gomes et al (2004),49,Physiological and Biochemical Zoology,2.104
Chordata,Amphibia,Anura,Hylidae,Scinax auratus,Vo2max,Active MR,RMR,Lab,24.5,NA,0.862,6,-0.837,0.077,,-0.837,0,-1.211069455,2004,Gomes et al (2004),49,Physiological and Biochemical Zoology,2.104
Chordata,Amphibia,Anura,Hylidae,Scinax crospedospilus,Vo2max,Active MR,RMR,Lab,24.5,NA,1.532,8,0.649,0.1148,,0.649,0,0.773569058,2004,Gomes et al (2004),49,Physiological and Biochemical Zoology,2.104
Chordata,Amphibia,Anura,Hylidae,Scinax fuscovarius,Vo2max,Active MR,RMR,Lab,24.5,NA,3.696,16,0.309,0.2624,,0.309,0,0.319439474,2004,Gomes et al (2004),49,Physiological and Biochemical Zoology,2.104
Chordata,Amphibia,Anura,Hylidae,Scinax hiemalis,Vo2max,Active MR,RMR,Lab,24.5,NA,0.815,12,0.274,0.4149,,0.274,0,0.281183414,2004,Gomes et al (2004),49,Physiological and Biochemical Zoology,2.104
Chordata,Amphibia,Anura,Hylidae,Scinax perereca,Vo2max,Active MR,RMR,Lab,24.5,NA,2.856,16,-0.834,< 0.0001,-0.834,,1,-1.201133445,2004,Gomes et al (2004),49,Physiological and Biochemical Zoology,2.104
Chordata,Amphibia,Anura,Hylidae,Scinax rizbilis,Vo2max,Active MR,RMR,Lab,24.5,NA,0.755,11,-0.295,0.408,,-0.295,0,-0.304034089,2004,Gomes et al (2004),49,Physiological and Biochemical Zoology,2.104
Chordata,Amphibia,Anura,Hylidae,Scinax rizbilis,Vo2max,Active MR,RMR,Lab,24.5,NA,2.633,9,-0.454,0.2585,,-0.454,0,-0.489727346,2004,Gomes et al (2004),49,Physiological and Biochemical Zoology,2.104
Chordata,Amphibia,Anura,Hylidae,Scinax perpusillus,Vo2max,Active MR,RMR,Lab,24.5,NA,0.365,16,-0.413,0.6112,,-0.413,0,-0.439222786,2004,Gomes et al (2004),49,Physiological and Biochemical Zoology,2.104
Chordata,Actinopterygii,Salmoniformes,Salmonidae,Oncorhynchus mykiss,Aggression,Dominance,RMR,Lab,12,3.721,8,28,-0.292,0.13,,-0.292,0,-0.300751298,2013,Grobler and Wood (2013),50,Journal of Comparative Physiology B-Biochemical Systemic and Environmental Physiology,1.947
Chordata,Aves,Galliformes,Phasianidae,Gallus gallus,Vo2max,Active MR,BMR,Lab,31,540,1197,36,-0.33,0.0494,-0.33,,1,-0.342828258,2000,Hammond et al (2000),51,Journal of Experimental Biology,3.32
Chordata,Aves,Galliformes,Phasianidae,Gallus gallus,Vo2max,Active MR,BMR,Lab,31,642,954,36,-0.046,0.7854,,-0.046,0,-0.046032487,2000,Hammond et al (2000),51,Journal of Experimental Biology,3.32
Chordata,Actinopterygii,Gadiformes,Gadidae,Gadus morhua,Factorical aerobic scope (Ra/Rs),Aerobic capacity,SMR,Lab,10,0.3,1.506,14,0.22,0.01,0.22,,1,0.223656111,2009,Hansen and von Herbing (2009),52,Journal of Fish Biology,1.519
Chordata,Mammalia,Rodentia,Muridae,Mus musculus domesticus,Vo2max,Active MR,BMR,Lab,32,38.5,20.7,60,-0.069,> 0.05,,-0.069,0,-0.069109818,1992,Hayes et al (1992),53,Functional Ecology,5.63
Chordata,Mammalia,Rodentia,Muridae,Mus musculus domesticus,Litter size,Reproduction,BMR,Lab,32,38.5,20.7,74,0.134,> 0.05,,0.134,0,0.134810789,1992,Hayes et al (1992),53,Functional Ecology,5.63
Chordata,Mammalia,Rodentia,Muridae,Mus musculus domesticus,Mean offspring mass,Reproduction,BMR,Lab,32,38.5,20.7,74,0.062,> 0.05,,0.062,0,0.062079627,1992,Hayes et al (1992),53,Functional Ecology,5.63
Chordata,Mammalia,Rodentia,Muridae,Mus musculus domesticus,Total litter mass,Reproduction,BMR,Lab,32,38.5,20.7,74,0.175,> 0.05,,0.175,0,0.176820022,1992,Hayes et al (1992),53,Functional Ecology,5.63
Chordata,Actinopterygii,Perciformes,Sparidae,Sparus aurata,Latency to go to open area,Boldness,RMR,Lab,19,13.727,52.4,23,-0.415,0.048,-0.415,,1,-0.441636486,2014,Herrera et al (2014),54,Applied Animal Behaviour Science,1.771
Chordata,Actinopterygii,Perciformes,Sparidae,Sparus aurata,Movement rate,Movement/activity,RMR,Lab,19,13.727,52.4,23,0.602,0.002,0.602,,1,0.696278068,2014,Herrera et al (2014),54,Applied Animal Behaviour Science,1.771
Chordata,Aves,Passeriformes,Paridae,Poecile montanus,Dominance,Dominance,RouMR,Field,5,127.241,11.97,6,0.83,< 0.05,0.83,,1,1.188136417,1987,Hogstad (1987),55,Auk,2.096
Chordata,Aves,Passeriformes,Paridae,Poecile montanus,Dominance,Dominance,RouMR,Field,5,131.611,12.13,6,0.9,< 0.01,0.9,,1,1.472219505,1987,Hogstad (1987),55,Auk,2.096
Chordata,Aves,Passeriformes,Paridae,Poecile montanus,Dominance,Dominance,RouMR,Field,5,128.137,11.67,6,0.6,> 0.05,,0.6,0,0.693147188,1987,Hogstad (1987),55,Auk,2.096
Chordata,Aves,Passeriformes,Paridae,Poecile montanus,Dominance,Dominance,RouMR,Field,5,129.03,11.73,6,0.94,< 0.01,0.94,,1,1.738049363,1987,Hogstad (1987),55,Auk,2.096
Chordata,Aves,Passeriformes,Paridae,Poecile montanus,Dominance,Dominance,RouMR,Field,5,124.2,11.5,6,0.99,< 0.001,1,,1,2.64665244,1987,Hogstad (1987),55,Auk,2.096
Chordata,Aves,Passeriformes,Paridae,Poecile montanus,Dominance,Dominance,RouMR,Field,5,139.329,12.33,6,0.98,< 0.001,0.98,,1,2.297559949,1987,Hogstad (1987),55,Auk,2.096
Chordata,Actinopterygii,Salmoniformes,Salmonidae,Salmo trutta,Growth rate,Growth,RMR,Lab,14.5,0.46,2,164,0.233,< 0.01,0.233,,1,0.237359353,2013,Hoogenboom et al (2013),56,Behavioral Ecology,3.311
Chordata,Actinopterygii,Cypriniformes,Cyprinidae,Cyprinus carpio,Risk-taking behavior,Boldness,RMR,Lab,20,3.687,25.32,37,0.366,< 0.05,0.366,,1,0.383796547,2010,Huntingford et al (2010),57,Journal of Fish Biology,1.519
Chordata,Mammalia,Rodentia,Cricetidae,Microtus agrestis,Survival,Survival,RMR,Field,30,70.96,18.64,141,0.166,< 0.05,0.166,,1,0.167550484,2001,Jackson et al (2001),58,Journal of Animal Ecology,4.474
Chordata,Reptilia,Squamata,Iguanidae,Dipsosaurus dorsalis,Vo2max,Active MR,SMR,Lab,40,NA,NA,70,0.176,0.145,,0.176,0,0.177851801,1984,John-Alder (1984),59,Journal of Comparative Physiology B,1.947
Chordata,Mammalia,Rodentia,Muridae,Mus musculus domesticus,Peak lactation RMR,Reproduction,RMR,Lab,30,43.089,27.26,71,0.327,0.005,0.327,,1,0.339465356,2001,Johnson et al (2001),60,Journal of Experimental Biology,3.32
Chordata,Mammalia,Rodentia,Muridae,Mus musculus domesticus,Birth litter mass,Reproduction,BMR,Lab,30,33.404,24,265,-0.063,0.315,,-0.063,0,-0.063083549,2007,Johnston et al (2007),61,Journal of Experimental Biology,3.32
Chordata,Mammalia,Rodentia,Muridae,Mus musculus domesticus,Litter size,Reproduction,BMR,Lab,30,33.404,24,265,0.063,0.327,,0.063,0,0.063083549,2007,Johnston et al (2007),61,Journal of Experimental Biology,3.32
Chordata,Mammalia,Rodentia,Muridae,Mus musculus domesticus,Weaned litter mass,Reproduction,BMR,Lab,30,33.404,24,256,0.084,0.197,,0.084,0,0.08419841,2007,Johnston et al (2007),61,Journal of Experimental Biology,3.32
Chordata,Mammalia,Rodentia,Muridae,Mus musculus domesticus,Weaned litter size,Reproduction,BMR,Lab,30,33.404,24,256,0.084,0.177,,0.084,0,0.08419841,2007,Johnston et al (2007),61,Journal of Experimental Biology,3.32
Chordata,Actinopterygii,Cypriniformes,Cyprinidae,Phoxinus phoxinus,Aerobic scope,Aerobic capacity,SMR,Lab,10,1.333,1.695,26,-0.646,0.0004,-0.646,,1,-0.768403242,2014,Killen (2014),62,Journal of Animal Ecology,4.474
Chordata,Actinopterygii,Perciformes,Moronidae,Dicentrarchus labrax,Appearance time,Boldness,RouMR,Lab,20,9.576,42.54,39,-0.039,0.824,,-0.039,0,-0.039019791,2011,Killen et al (2011),63,Journal of Animal Ecology,4.474
Chordata,Actinopterygii,Perciformes,Moronidae,Dicentrarchus labrax,Appearance time,Boldness,RouMR,Lab,20,9.576,42.54,39,-0.373,0.031,-0.373,,1,-0.391903437,2011,Killen et al (2011),63,Journal of Animal Ecology,4.474
Chordata,Actinopterygii,Perciformes,Moronidae,Dicentrarchus labrax,Open time,Boldness,RouMR,Lab,20,9.576,42.54,39,0.092,0.599,,0.092,0,0.09226089,2011,Killen et al (2011),63,Journal of Animal Ecology,4.474
Chordata,Actinopterygii,Perciformes,Moronidae,Dicentrarchus labrax,Open time,Boldness,RouMR,Lab,20,9.576,42.54,39,0.298,0.082,,0.298,0,0.30732325,2011,Killen et al (2011),63,Journal of Animal Ecology,4.474
Chordata,Actinopterygii,Perciformes,Moronidae,Dicentrarchus labrax,Risk-taking behavior,Boldness,RouMR,Lab,20,9.576,42.54,39,0.045,0.799,,0.045,0,0.045030412,2011,Killen et al (2011),63,Journal of Animal Ecology,4.474
Chordata,Actinopterygii,Perciformes,Moronidae,Dicentrarchus labrax,Risk-taking behavior,Boldness,RouMR,Lab,20,9.576,42.54,39,0.338,0.032,0.338,,1,0.351832846,2011,Killen et al (2011),63,Journal of Animal Ecology,4.474
Chordata,Actinopterygii,Perciformes,Moronidae,Dicentrarchus labrax,Activity,Movement/activity,RouMR,Lab,20,9.576,42.54,39,0.049,0.779,,0.049,0,0.049039273,2011,Killen et al (2011),63,Journal of Animal Ecology,4.474
Chordata,Actinopterygii,Perciformes,Moronidae,Dicentrarchus labrax,Activity,Movement/activity,RouMR,Lab,20,9.576,42.54,39,0.382,0.024,0.382,,1,0.402399278,2011,Killen et al (2011),63,Journal of Animal Ecology,4.474
Chordata,Actinopterygii,Perciformes,Moronidae,Dicentrarchus labrax,Appearance time,Boldness,RouMR,Lab,22,23.797,81.2,23,-0.016,0.946,,-0.016,0,-0.016001366,2012,Killen et al (2012),64,Functional Ecology,5.63
Chordata,Actinopterygii,Perciformes,Moronidae,Dicentrarchus labrax,Emergence time,Boldness,RouMR,Lab,22,23.797,81.2,23,-0.189,0.4,,-0.189,0,-0.191299923,2012,Killen et al (2012),64,Functional Ecology,5.63
Chordata,Actinopterygii,Perciformes,Moronidae,Dicentrarchus labrax,Open time,Boldness,RouMR,Lab,22,23.797,81.2,23,0.195,0.385,,0.195,0,0.197529596,2012,Killen et al (2012),64,Functional Ecology,5.63
Chordata,Actinopterygii,Perciformes,Moronidae,Dicentrarchus labrax,Risk score,Boldness,RouMR,Lab,22,23.797,81.2,23,0.056,0.803,,0.056,0,0.05605865,2012,Killen et al (2012),64,Functional Ecology,5.63
Chordata,Actinopterygii,Perciformes,Moronidae,Dicentrarchus labrax,Activity,Movement/activity,RouMR,Lab,22,23.797,81.2,23,0.108,0.632,,0.108,0,0.108422868,2012,Killen et al (2012),64,Functional Ecology,5.63
Chordata,Actinopterygii,Perciformes,Pomacentridae,Pomacentrus amboinensis,Emergence time,Boldness,RouMR,Lab,29,0.082,0.071,72,0.352,0.002,0.352,,1,0.367724784,2014,Killen et al (2014),65,Functional Ecology,5.63
Chordata,Actinopterygii,Mugiliformes,Mugilidae,Liza aurata,Escape response,Boldness,SMR,Lab,22,2.411,15.3,42,0.018,0.931,,0.018,0,0.018001945,2015,Killen et al (2015),65,Frontiers in Physiology,4.134
Chordata,Actinopterygii,Cypriniformes,Cyprinidae,Spinibarbus sinensis,Growth,Growth,SMR,Lab,25,1.454,7.582,36,0.358,0.028,0.358,,1,0.374590006,2016,Killen et al (2016),66,Functional Ecology,5.63
Chordata,Actinopterygii,Perciformes,Cichlidae,Apistogramma agassizii,Social rank,Dominance,RMR,Lab,27,0.238,0.59,96,0.134,0.46,,0.134,0,0.134810789,2015,Kochhann et al (2015),67,Comparative Biochemistry and Physiology a-Molecular & Integrative Physiology,1.812
Chordata,Aves,Galliformes,Phasianidae,Gallus gallus,Peak Metabolic Rate,Active MR,RMR,Lab,32,158.78,74.04,96,0.45,< 0.001,0.45,,1,0.484700284,2000,Konarzewski et al (2000),68,Physiological and Biochemical Zoology,2.104
Arthropoda,Insecta,Coleoptera,Tenebrionidae,Tenebrio molitor,Duration of immobility,Boldness,RMR,Lab,23,0.061,1,300,0.428,0.001,0.428,,1,0.457445581,2013,Krams et al (2013),69,Acta Ethologica,1.417
Arthropoda,Insecta,Coleoptera,Tenebrionidae,Tenebrio molitor,Response latency,Boldness,RMR,Lab,23,0.061,1,300,-0.489,0.001,-0.489,,1,-0.534745227,2013,Krams et al (2013),69,Acta Ethologica,1.417
Arthropoda,Insecta,Coleoptera,Tenebrionidae,Tenebrio molitor,Survival,Survival,RMR,Lab,23,0.061,1,300,-0.129,0.03,-0.129,,1,-0.129722795,2013,Krams et al (2013),69,Acta Ethologica,1.417
Chordata,Amphibia,Caudata,Salamandridae,Ichthyosaura alpestris,Body mass loss,Survival,MR,Lab,4,0.099,2.85,96,0.467,0.018,0.467,,1,0.506226682,2014,Kristin and Gvozdik (2014),70,Journal of Zoology,2.186
Chordata,Reptilia,Squamata,Viperidae,Vipera aspis,Fecundity,Reproduction,RMR,Lab,25,3.295,99.84,40,0.095,0.758,,0.095,0,0.09528735,2003,Ladyman et al (2003),71,Physiological and Biochemical Zoology,2.104
Chordata,Reptilia,Squamata,Viperidae,Vipera aspis,Fecundity,Reproduction,RMR,Lab,25,3.295,99.84,17,0.396,0.008,0.396,,1,0.418896047,2003,Ladyman et al (2003),71,Physiological and Biochemical Zoology,2.104
Chordata,Reptilia,Squamata,Viperidae,Vipera aspis,Mass of live young produced,Reproduction,RMR,Lab,25,3.295,99.84,17,0.616,0.029,0.616,,1,0.718533351,2003,Ladyman et al (2003),71,Physiological and Biochemical Zoology,2.104
Chordata,Mammalia,Rodentia,Cricetidae,Microtus oeconomus,PC1 (proactive behaviour),Boldness,RMR,Lab,30,123.1,36.3,104,0.31,0.002,0.31,,1,0.320545413,2011,Lantova et al (2011),72,Physiology & Behavior,2.341
Chordata,Mammalia,Rodentia,Cricetidae,Microtus oeconomus,PC1 (proactive behaviour) by season,Boldness,RMR,Lab,30,123.1,36.3,104,0.254,0.011,0.254,,1,0.259684063,2011,Lantova et al (2011),72,Physiology & Behavior,2.341
Chordata,Mammalia,Rodentia,Cricetidae,Microtus oeconomus,PC1 (proactive behaviour) by sex,Boldness,RMR,Lab,30,123.1,36.3,104,0.241,0.016,0.241,,1,0.245835506,2011,Lantova et al (2011),72,Physiology & Behavior,2.341
Chordata,Mammalia,Rodentia,Sciuridae,Tamiasciurus hudsonicus,Survival,Survival,RMR,Field,27,412.955,208.9,49,-0.403,0.004,-0.403,,1,-0.393065555,2011,Larivee et al (2011),73,Functional Ecology,5.63
Chordata,Actinopterygii,Esociformes,Esocidae,Esox lucius,PC2 (escape behaviour),Boldness,SMR,Lab,11.5,NA,745.9,29,-0.215,> 0.05,,-0.215,0,-0.218407821,2016,Laskowski et al (2016),74,Journal of Fish Biology,1.519
Chordata,Actinopterygii,Esociformes,Esocidae,Esox lucius,Growth,Growth,SMR,Lab,11.5,NA,745.9,29,0.372,< 0.05,0.372,,1,0.390742325,2016,Laskowski et al (2016),74,Journal of Fish Biology,1.519
Chordata,Actinopterygii,Esociformes,Esocidae,Esox lucius,PC1 (activity),Movement/activity,SMR,Lab,11.5,NA,745.9,29,-0.074,> 0.05,,-0.074,0,-0.074135521,2016,Laskowski et al (2016),74,Journal of Fish Biology,1.519
Chordata,Actinopterygii,Esociformes,Esocidae,Esox lucius,Body condition,Survival,SMR,Lab,11.5,NA,745.9,29,-0.37,< 0.05,-0.37,,1,-0.388423104,2016,Laskowski et al (2016),74,Journal of Fish Biology,1.519
Chordata,Reptilia,Squamata,Lacertidae,Zootoca vivipara,"Behaviour PC2 (+novel time, -distance, time), Juvenile",Boldness,RMR,Lab,25,0.403,0.39,170,0.05,> 0.05,,0.05,0,0.05004173,2013,Le Galliard et al (2013),75,Functional Ecology,5.63
Chordata,Reptilia,Squamata,Lacertidae,Zootoca vivipara,"Behaviour PC2 (+novel time, -distance, time), Yearling",Boldness,RMR,Lab,25,0.326,0.39,52,-0.03,> 0.05,,-0.03,0,-0.030009005,2013,Le Galliard et al (2013),75,Functional Ecology,5.63
Chordata,Reptilia,Squamata,Lacertidae,Zootoca vivipara,"Behaviour PC1 (+distance, time, -latency), Juvenile",Movement/activity,RMR,Lab,25,0.403,0.39,170,0.03,> 0.05,,0.03,0,0.030009005,2013,Le Galliard et al (2013),75,Functional Ecology,5.63
Chordata,Reptilia,Squamata,Lacertidae,Zootoca vivipara,"Behaviour PC1 (+distance, time, -latency), Yearling",Movement/activity,RMR,Lab,25,0.326,0.39,52,-0.04,> 0.05,,-0.04,0,-0.040021354,2013,Le Galliard et al (2013),75,Functional Ecology,5.63
Chordata,Amphibia,Anura,Ranidae,Rana temporaria,Growth rate of tadpoles,Growth,RMR,Lab,18,0.281,0.655,18,-0.47,0.05,-0.47,,1,-0.510070342,2009,Lindgren and Laurila (2009),76,Biological Journal of the Linnean Society,2.288
Chordata,Amphibia,Anura,Ranidae,Rana temporaria,Growth rate to metamorphosis,Growth,RMR,Lab,15,0.116,0.613,20,0.55,0.017,0.55,,1,0.61838132,2009,Lindgren and Laurila (2009),76,Biological Journal of the Linnean Society,2.288
Chordata,Aves,Passeriformes,Emberizidae,Zonotrichia capensis,Exploratory behaviour,Boldness,BMR,Lab,30,49.45,17.72,19,0.469,0.04,0.469,,1,0.508787583,2012,Maldonado et al (2012),77,Physiological and Biochemical Zoology,2.104
Chordata,Aves,Passeriformes,Emberizidae,Zonotrichia capensis,Exploratory behaviour,Boldness,BMR,Lab,30,53.78,17.95,19,0.412,0.14,,0.412,0,0.43801774,2012,Maldonado et al (2012),77,Physiological and Biochemical Zoology,2.104
Chordata,Aves,Passeriformes,Emberizidae,Zonotrichia capensis,Exploratory behaviour,Boldness,BMR,Lab,30,56.59,19.65,24,0.3,0.09,,0.3,0,0.309519607,2012,Maldonado et al (2012),77,Physiological and Biochemical Zoology,2.104
Chordata,Aves,Passeriformes,Estrildidae,Taeniopygia guttata,First laying date,Reproduction,BMR,Lab,32,34.749,10.31,22,0.346,0.206,,0.346,0,0.360892583,2015,Mariette et al (2015),78,Hormones and Behavior,3.378
Chordata,Actinopterygii,Perciformes,Moronidae,Dicentrarchus labrax,Recovery time from exhaustive exercise,Aerobic capacity,RMR,Lab,23,151.385,190.1,16,-0.709,< 0.05,-0.709,,1,-0.885170217,2010,Marras et al (2010),79,Journal of Experimental Biology,3.32
Chordata,Actinopterygii,Pleuronectiformes,Soleidae,Solea senegalensis,Latency to escape,Boldness,RMR,Lab,19.5,7.78,18.5,36,0.669,0.024,0.669,,1,0.808930783,2011,Martins et al (2011),80,Applied Animal Behaviour Science,1.771
Chordata,Aves,Passeriformes,Estrildidae,Taeniopygia guttata,Hops with head up (feeding behaviour tactic),Boldness,BMR,Lab,35,41.01,13.855,24,0.732,0.04,0.732,,1,0.933022564,2009,Mathot et al (2009),81,Oikos,4.03
Chordata,Aves,Passeriformes,Estrildidae,Taeniopygia guttata,Patches joined (feeding behaviour tactic),Boldness,BMR,Lab,35,41.01,13.855,24,0.695,0.067,0.695,,1,0.857563131,2009,Mathot et al (2009),81,Oikos,4.03
Chordata,Aves,Passeriformes,Estrildidae,Taeniopygia guttata,Courtship rate,Reproduction,BMR,Lab,35,50.592,15.947,446,,,,,0,0,2013,Mathot et al (2013),82,Heredity,3.961
Chordata,Actinopterygii,Salmoniformes,Salmonidae,Oncorhynchus mykiss,Dominance,Dominance,RMR,Lab,14.7,NA,3.82,110,0.219,0.02,0.219,,1,0.222605492,2001,McCarthy (2001),83,Journal of Fish Biology,1.519
Chordata,Mammalia,Rodentia,Cricetidae,Microtus agrestis,Daily energy expenditure,Active MR,BMR,Field,28,46.074,21.7,21,0,> 0.1,,0,0,0.063083549,1997,Meerlo et al (1997),84,Physiological Zoology,2.104
Chordata,Reptilia,Squamata,Scincidae,Lampropholis delicata,Aerobic capacity,Aerobic capacity,RMR,Lab,25,0.312,1.039,162,0.178,0.18,,0.178,0,0.227863474,2013,Merritt et al (2013),85,Journal of Comparative Physiology B,1.947
Chordata,Reptilia,Squamata,Scincidae,Lampropholis delicata,Burst speed,Aerobic capacity,RMR,Lab,25,0.312,1.039,162,0,0.62,,0,0,0.010000333,2013,Merritt et al (2013),85,Journal of Comparative Physiology B,1.947
Chordata,Actinopterygii,Salmoniformes,Salmonidae,Salmo salar,Dominance,Dominance,SMR,Lab,11.7,0.215,0.192,70,0.39,< 0.002,0.39,,1,0.380336892,1995,Metcalfe et al (1995),86,Animal Behaviour,2.869
Chordata,Mammalia,Rodentia,Cricetidae,Phyllotis darwini,MMRmax,Active MR,BMR,Lab,26,51.61,44.37,364,-0.08,> 0.05,,-0.08,0,-0.080171326,2005,Nespolo et al (2005),87,Evolution,4.201
Chordata,Mammalia,Rodentia,Cricetidae,Phyllotis darwini,MMRmean,Active MR,BMR,Lab,26,51.61,44.37,364,-0.15,< 0.05,-0.15,,1,-0.151140438,2005,Nespolo et al (2005),87,Evolution,4.201
Chordata,Mammalia,Rodentia,Cricetidae,Phyllotis darwini,MMRst,Active MR,BMR,Lab,26,51.61,44.37,364,-0.04,> 0.05,,-0.04,0,-0.040021354,2005,Nespolo et al (2005),87,Evolution,4.201
Chordata,Mammalia,Rodentia,Cricetidae,Phyllotis darwini,Growth rate,Growth,BMR,Lab,26,51.61,44.37,368,-0.07,> 0.05,,-0.07,0,-0.070114671,2005,Nespolo et al (2005),87,Evolution,4.201
Chordata,Mammalia,Rodentia,Cricetidae,Phyllotis darwini,(NST) Non-shivering thermogenesis max,Survival,BMR,Lab,26,51.61,44.37,363,0.01,> 0.05,,0.01,0,0.010000333,2005,Nespolo et al (2005),87,Evolution,4.201
Chordata,Mammalia,Rodentia,Cricetidae,Phyllotis darwini,(NST) Non-shivering thermogenesis Tc,Survival,BMR,Lab,26,51.61,44.37,363,-0.15,< 0.05,-0.15,,1,-0.151140438,2005,Nespolo et al (2005),87,Evolution,4.201
Arthropoda,Insecta,Lepidoptera,Nymphalidae,Melitaea cinxia,Lifespan,Survival,RMR,Lab,30,0.126,0.11,71,0.162,0.18,,0.162,0,0.16343992,2013,Niitepold and Hanski (2013),88,Journal of Experimental Biology,3.32
Arthropoda,Insecta,Lepidoptera,Nymphalidae,Melitaea cinxia,Lifespan,Survival,RMR,Field,30,0.089,0.153,21,-0.251,0.26,,-0.251,0,-0.256479766,2013,Niitepold and Hanski (2013),88,Journal of Experimental Biology,3.32
Chordata,Aves,Passeriformes,Paridae,Parus palustris,Field metabolic rate (FMR),Active MR,BMR,Lab,25,41.019,10,6,0.808,0.037,0.808,,1,1.121240596,2002,Nilsson (2002),89,Proceedings of the Royal Society B: Biological Sciences,4.94
Chordata,Aves,Passeriformes,Paridae,Parus major,Egg mass with maternal RMR,Reproduction,RMR,Lab,25,67.434,21.57,11,0.435,0.05,0.435,,1,0.576339761,2001,Nilsson and Raberg (2001),90,Oecologia,3.13
Chordata,Actinopterygii,Salmoniformes,Salmonidae,Salmo trutta,Maximum metabolic rate,Active MR,SMR,Lab,15,1.894,35.2,66,0.352,0.004,0.352,,1,0.367724784,2012,Norin and Malte (2012),91,Physiological and Biochemical Zoology,2.104
Chordata,Actinopterygii,Cypriniformes,Cyprinidae,Mylopharyngodon piceus,Active metabolic rate,Active MR,SMR,Lab,20,2.076,10.35,40,0.611,< 0.001,0.611,,1,0.710515527,2015,Pang et al (2015),92,Marine and Freshwater Behaviour and Physiology,0.958
Chordata,Actinopterygii,Cypriniformes,Cyprinidae,Mylopharyngodon piceus,Aerobic scope,Aerobic capacity,SMR,Lab,20,2.076,10.35,40,0.474,0.002,0.474,,1,0.515216935,2015,Pang et al (2015),92,Marine and Freshwater Behaviour and Physiology,0.958
Chordata,Actinopterygii,Cypriniformes,Cyprinidae,Mylopharyngodon piceus,Ucrit (maximum sustainable swimming speed),Aerobic capacity,SMR,Lab,20,2.076,10.35,40,0.798,< 0.001,0.798,,1,1.09308127,2015,Pang et al (2015),92,Marine and Freshwater Behaviour and Physiology,0.958
Chordata,Actinopterygii,Cypriniformes,Cyprinidae,Cyprinus carpio,Active metabolic rate (residual),Active MR,RMR,Lab,15,0.835,9.04,30,0.585,0.001,0.585,,1,0.67003059,2016,Pang et al (2016),93,Comparative Biochemistry and Physiology a-Molecular & Integrative Physiology,1.812
Chordata,Actinopterygii,Cypriniformes,Cyprinidae,Cyprinus carpio,Active metabolic rate (residual),Active MR,RMR,Lab,25,1.755,12.395,30,0.503,0.005,0.503,,1,0.553314188,2016,Pang et al (2016),93,Comparative Biochemistry and Physiology a-Molecular & Integrative Physiology,1.812
Chordata,Actinopterygii,Cypriniformes,Cyprinidae,Cyprinus carpio,Metabolic scope (RMR-AMR; residual),Aerobic capacity,RMR,Lab,15,0.835,9.04,30,0.417,0.022,0.417,,1,0.444055031,2016,Pang et al (2016),93,Comparative Biochemistry and Physiology a-Molecular & Integrative Physiology,1.812
Chordata,Actinopterygii,Cypriniformes,Cyprinidae,Cyprinus carpio,Metabolic scope (RMR-AMR; residual),Aerobic capacity,RMR,Lab,25,1.755,12.395,30,0.255,0.174,,0.255,0,0.260753319,2016,Pang et al (2016),93,Comparative Biochemistry and Physiology a-Molecular & Integrative Physiology,1.812
Chordata,Actinopterygii,Cypriniformes,Cyprinidae,Cyprinus carpio,Feeding rate,Boldness,RMR,Lab,15,0.835,9.04,30,-0.065,0.733,,-0.065,0,-0.065091775,2016,Pang et al (2016),93,Comparative Biochemistry and Physiology a-Molecular & Integrative Physiology,1.812
Chordata,Actinopterygii,Cypriniformes,Cyprinidae,Cyprinus carpio,Feeding rate,Boldness,RMR,Lab,25,1.755,12.395,30,0.516,0.004,0.516,,1,0.570872836,2016,Pang et al (2016),93,Comparative Biochemistry and Physiology a-Molecular & Integrative Physiology,1.812
Chordata,Actinopterygii,Cypriniformes,Cyprinidae,Cyprinus carpio,Specific growth rate,Growth,RMR,Lab,15,0.835,9.04,30,-0.071,0.707,,-0.071,0,-0.071119667,2016,Pang et al (2016),93,Comparative Biochemistry and Physiology a-Molecular & Integrative Physiology,1.812
Chordata,Actinopterygii,Cypriniformes,Cyprinidae,Cyprinus carpio,Specific growth rate,Growth,RMR,Lab,25,1.755,12.395,30,0.358,0.052,,0.358,0,0.374590006,2016,Pang et al (2016),93,Comparative Biochemistry and Physiology a-Molecular & Integrative Physiology,1.812
Chordata,Reptilia,Squamata,Colubridae,Thamnophis sirtalis,Field metabolic rate (FMR),Active MR,SMR,Field,15,NA,14.617,72,0.015,0.898,,0.898,0,0.015001125,1998,Peterson et al (1998),94,Physiological Zoology,2.104
Chordata,Reptilia,Squamata,Colubridae,Thamnophis sirtalis,Field metabolic rate (FMR),Active MR,SMR,Field,30,NA,14.617,72,-0.099,0.407,,0.407,0,-0.099325349,1998,Peterson et al (1998),94,Physiological Zoology,2.104
Chordata,Reptilia,Squamata,Colubridae,Thamnophis sirtalis,Vo2max,Active MR,SMR,Field,15,NA,14.617,78,0.148,0.148,,0.148,0,0.149095027,1998,Peterson et al (1998),94,Physiological Zoology,2.104
Chordata,Reptilia,Squamata,Colubridae,Thamnophis sirtalis,Vo2max,Active MR,SMR,Field,30,NA,14.617,78,0.108,0.108,,0.108,0,0.108422868,1998,Peterson et al (1998),94,Physiological Zoology,2.104
Chordata,Reptilia,Squamata,Colubridae,Thamnophis sirtalis,Growth rate,Growth,SMR,Field,15,NA,14.617,78,0.006,0.959,,0.959,0,0.006000072,1998,Peterson et al (1998),94,Physiological Zoology,2.104
Chordata,Reptilia,Squamata,Colubridae,Thamnophis sirtalis,Growth rate,Growth,SMR,Field,30,NA,14.617,78,0.041,0.72,,0.72,0,0.041022997,1998,Peterson et al (1998),94,Physiological Zoology,2.104
Arthropoda,Insecta,Lepidoptera,Nymphalidae,Bicyclus anynana,Survival under starvation,Survival,RMR,Lab,22.5,NA,NA,294,-0.8,< 0.02,-0.8,,1,-1.0986123,2007,Pijpe et al (2007),95,Evolutionary Ecology,1.818
Chordata,Reptilia,Squamata,Scincidae,Chalcides ocellatus,Vo2max,Active MR,SMR,Lab,33,1.498,6.7,28,0.089,0.65,,0.089,0,0.089236114,1994,Pough and Andrews (1984),96,Comparative Biochemistry and Physiology a-Molecular & Integrative Physiology,1.812
Chordata,Reptilia,Squamata,Scincidae,Chalcides ocellatus,Vo2max,Active MR,RMR,Lab,33,2.124,6.7,28,0.077,0.69,,0.077,0,0.077152722,1995,Pough and Andrews (1984),96,Comparative Biochemistry and Physiology a-Molecular & Integrative Physiology,1.812
Chordata,Mammalia,Rodentia,Cricetidae,Myodes glareolus,Dominance,Dominance,BMR,Lab,30,52.4,21.2,113,0.115,0.24,,0.115,0,0.115511021,2004,Radwan et al (2004),97,Behaviour,1.394
Chordata,Actinopterygii,Salmoniformes,Salmonidae,Salmo salar,Feeding rate,Boldness,SMR,Lab,14.8,NA,8.73,64,0.259,0.04,0.259,,1,0.265036207,2011,Reid et al (2011),98,Functional Ecology,5.63
Chordata,Actinopterygii,Salmoniformes,Salmonidae,Salmo salar,Dominance,Dominance,SMR,Lab,14.8,NA,8.73,64,0.484,< 0.001,0.484,,1,0.528194835,2011,Reid et al (2011),98,Functional Ecology,5.63
Chordata,Actinopterygii,Salmoniformes,Salmonidae,Salmo salar,Growth,Growth,SMR,Lab,14.8,NA,8.73,64,-0.33,0.01,-0.33,,1,-0.342828258,2011,Reid et al (2011),98,Functional Ecology,5.63
Chordata,Actinopterygii,Salmoniformes,Salmonidae,Salmo salar,Dominance,Dominance,RMR,Lab,14.8,NA,4.875,96,0.424,< 0.001,0.424,,1,0.45255872,2012,Reid et al (2012),99,Journal of Animal Ecology,4.474
Chordata,Mammalia,Rodentia,Muridae,Mus musculus domesticus,Daily energy expenditure (DEE),Active MR,RMR,Lab,23.5,51.587,37.283,49,0.71,< 0.05,0.71,,1,0.887183873,2009,Rezende et al (2009),100,Physiological and Biochemical Zoology,2.104
Chordata,Mammalia,Rodentia,Muridae,Mus musculus domesticus,Daily energy expenditure (DEE),Active MR,RMR,Lab,23.5,54.714,25.17,47,0.646,< 0.05,0.646,,1,0.768403242,2009,Rezende et al (2009),100,Physiological and Biochemical Zoology,2.104
Chordata,Mammalia,Rodentia,Muridae,Mus musculus domesticus,Maximum 1 min average running speed (Vmax1),Aerobic capacity,RMR,Lab,23.5,51.587,37.283,49,0.223,> 0.05,,0.223,0,0.226810895,2009,Rezende et al (2009),100,Physiological and Biochemical Zoology,2.104
Chordata,Mammalia,Rodentia,Muridae,Mus musculus domesticus,Maximum 1 min average running speed (Vmax1),Aerobic capacity,RMR,Lab,23.5,54.714,25.17,47,-0.141,> 0.05,,-0.141,0,-0.141945715,2009,Rezende et al (2009),100,Physiological and Biochemical Zoology,2.104
Chordata,Mammalia,Rodentia,Muridae,Mus musculus domesticus,Maximum 1 min average Vo2 (Vo2vm),Aerobic capacity,RMR,Lab,23.5,51.587,37.283,49,0.521,< 0.05,0.521,,1,0.577711353,2009,Rezende et al (2009),100,Physiological and Biochemical Zoology,2.104
Chordata,Mammalia,Rodentia,Muridae,Mus musculus domesticus,Maximum 1 min average Vo2 (Vo2vm),Aerobic capacity,RMR,Lab,23.5,54.714,25.17,47,0.449,< 0.05,0.449,,1,0.483447072,2009,Rezende et al (2009),100,Physiological and Biochemical Zoology,2.104
Chordata,Mammalia,Rodentia,Muridae,Mus musculus domesticus,Maximum duration of running bouts (Bdmax),Movement/activity,RMR,Lab,23.5,51.587,37.283,49,0.282,< 0.05,0.282,,1,0.289853537,2009,Rezende et al (2009),100,Physiological and Biochemical Zoology,2.104
Chordata,Mammalia,Rodentia,Muridae,Mus musculus domesticus,Maximum duration of running bouts (Bdmax),Movement/activity,RMR,Lab,23.5,54.714,25.17,46,-0.275,> 0.05,,-0.275,0,-0.282264904,2009,Rezende et al (2009),100,Physiological and Biochemical Zoology,2.104
Chordata,Mammalia,Rodentia,Muridae,Mus musculus domesticus,Maximum instantaneous running speed for 1.5s (Vpeak),Movement/activity,RMR,Lab,23.5,51.587,37.283,49,0.127,> 0.05,,0.127,0,0.12768948,2009,Rezende et al (2009),100,Physiological and Biochemical Zoology,2.104
Chordata,Mammalia,Rodentia,Muridae,Mus musculus domesticus,Maximum instantaneous running speed for 1.5s (Vpeak),Movement/activity,RMR,Lab,23.5,54.714,25.17,47,-0.161,> 0.05,,-0.161,0,-0.162413139,2009,Rezende et al (2009),100,Physiological and Biochemical Zoology,2.104
Chordata,Mammalia,Rodentia,Muridae,Mus musculus domesticus,Mean duration of running bouts (Bdmean),Movement/activity,RMR,Lab,23.5,51.587,37.283,49,0.171,> 0.05,,0.171,0,0.172696606,2009,Rezende et al (2009),100,Physiological and Biochemical Zoology,2.104
Chordata,Mammalia,Rodentia,Muridae,Mus musculus domesticus,Mean duration of running bouts (Bdmean),Movement/activity,RMR,Lab,23.5,54.714,25.17,46,-0.129,> 0.05,,-0.129,0,-0.129722795,2009,Rezende et al (2009),100,Physiological and Biochemical Zoology,2.104
Chordata,Mammalia,Rodentia,Muridae,Mus musculus domesticus,Mean running speed (Vmean),Movement/activity,RMR,Lab,23.5,51.587,37.283,49,0.171,> 0.05,,0.171,0,0.172696606,2009,Rezende et al (2009),100,Physiological and Biochemical Zoology,2.104
Chordata,Mammalia,Rodentia,Muridae,Mus musculus domesticus,Mean running speed (Vmean),Movement/activity,RMR,Lab,23.5,54.714,25.17,47,-0.125,> 0.05,,-0.125,0,-0.125657215,2009,Rezende et al (2009),100,Physiological and Biochemical Zoology,2.104
Chordata,Mammalia,Rodentia,Muridae,Mus musculus domesticus,Number of running bouts (Nbouts),Movement/activity,RMR,Lab,23.5,51.587,37.283,49,0.253,< 0.05,0.253,,1,0.258615388,2009,Rezende et al (2009),100,Physiological and Biochemical Zoology,2.104
Chordata,Mammalia,Rodentia,Muridae,Mus musculus domesticus,Number of running bouts (Nbouts),Movement/activity,RMR,Lab,23.5,54.714,25.17,46,0.191,> 0.05,,0.191,0,0.193374828,2009,Rezende et al (2009),100,Physiological and Biochemical Zoology,2.104
Chordata,Mammalia,Rodentia,Muridae,Mus musculus domesticus,Time spent running (Trun),Movement/activity,RMR,Lab,23.5,51.587,37.283,49,0.467,< 0.05,0.467,,1,0.506226682,2009,Rezende et al (2009),100,Physiological and Biochemical Zoology,2.104
Chordata,Mammalia,Rodentia,Muridae,Mus musculus domesticus,Time spent running (Trun),Movement/activity,RMR,Lab,23.5,54.714,25.17,47,0.169,> 0.05,,0.169,0,0.170637085,2009,Rezende et al (2009),100,Physiological and Biochemical Zoology,2.104
Chordata,Mammalia,Rodentia,Muridae,Mus musculus domesticus,Total distance run (Drun),Movement/activity,RMR,Lab,23.5,51.587,37.283,49,0.419,< 0.05,0.419,,1,0.446478465,2009,Rezende et al (2009),100,Physiological and Biochemical Zoology,2.104
Chordata,Mammalia,Rodentia,Muridae,Mus musculus domesticus,Total distance run (Drun),Movement/activity,RMR,Lab,23.5,54.714,25.17,47,-0.023,> 0.05,,-0.023,0,-0.023004057,2009,Rezende et al (2009),100,Physiological and Biochemical Zoology,2.104
Arthropoda,Insecta,Phasmatodea,Phasmatidae,Carausius morosus,Adult lifespan,Survival,RMR,Lab,23,0.2,0.684,57,0.245,> 0.05,,0.245,0,0.250086532,2009,Roark and Bjorndal (2009),101,Experimental Gerontology,3.34
Arthropoda,Insecta,Phasmatodea,Phasmatidae,Carausius morosus,Total lifespan,Survival,RMR,Lab,23,0.2,0.684,57,-0.179,> 0.05,,-0.179,0,-0.180949397,2009,Roark and Bjorndal (2009),101,Experimental Gerontology,3.34
Arthropoda,Insecta,Coleoptera,Cerambycidae,Phoracantha recurva,Peak metabolic rate during forced running (MRrun),Active MR,RMR,Lab,30,4.038,0.26,12,-0.23,> 0.05,,-0.23,0,-0.234189469,2000,Rogowitz and Chappell (2000),102,Journal of Experimental Biology,3.32
Arthropoda,Insecta,Coleoptera,Cerambycidae,Phoracantha recurva,Peak metabolic rate during forced running (MRrun),Active MR,RMR,Lab,30,3.173,0.26,10,-0.38,> 0.05,,-0.38,0,-0.400059654,2000,Rogowitz and Chappell (2000),102,Journal of Experimental Biology,3.32
Arthropoda,Insecta,Coleoptera,Cerambycidae,Phoracantha recurva,Peak metabolic rate during forced running (MRrun),Active MR,RMR,Lab,30,3.75,0.26,22,0.15,> 0.05,,0.15,0,0.151140438,2000,Rogowitz and Chappell (2000),102,Journal of Experimental Biology,3.32
Arthropoda,Insecta,Coleoptera,Cerambycidae,Phoracantha semipunctata,Peak metabolic rate during forced running (MRrun),Active MR,RMR,Lab,30,2.344,0.32,11,0.24,> 0.05,,0.24,0,0.244774115,2000,Rogowitz and Chappell (2000),102,Journal of Experimental Biology,3.32
Arthropoda,Insecta,Coleoptera,Cerambycidae,Phoracantha semipunctata,Peak metabolic rate during forced running (MRrun),Active MR,RMR,Lab,30,2.411,0.28,10,0.26,> 0.05,,0.26,0,0.26610841,2000,Rogowitz and Chappell (2000),102,Journal of Experimental Biology,3.32
Arthropoda,Insecta,Coleoptera,Cerambycidae,Phoracantha semipunctata,Peak metabolic rate during forced running (MRrun),Active MR,RMR,Lab,30,2.5,0.3,21,0.2,> 0.05,,0.2,0,0.202732556,2000,Rogowitz and Chappell (2000),102,Journal of Experimental Biology,3.32
Arthropoda,Insecta,Coleoptera,Cerambycidae,Phoracantha semipunctata,Peak metabolic rate during forced running (MRrun),Active MR,RMR,Lab,20,0.789,0.38,10,0.34,> 0.05,,0.34,0,0.354092533,2000,Rogowitz and Chappell (2000),102,Journal of Experimental Biology,3.32
Arthropoda,Insecta,Coleoptera,Cerambycidae,Phoracantha semipunctata,Peak metabolic rate during forced running (MRrun),Active MR,RMR,Lab,20,0.833,0.36,10,0.4,> 0.05,,0.4,0,0.423648935,2000,Rogowitz and Chappell (2000),102,Journal of Experimental Biology,3.32
Arthropoda,Insecta,Coleoptera,Cerambycidae,Phoracantha semipunctata,Peak metabolic rate during forced running (MRrun),Active MR,RMR,Lab,20,0.811,0.37,20,0.41,> 0.05,,0.41,0,0.435611228,2000,Rogowitz and Chappell (2000),102,Journal of Experimental Biology,3.32
Chordata,Amphibia,Anura,Eleutherodactylidae,Eleutherodactylus cooki,Exercise metabolism,Active MR,RMR,Lab,18,0.261,4.003,11,0.18,0.6,,0.18,0,0.181982691,1999,Rogowitz and Sanchez-Rivoleda (1999),103,Copeia,0.98
Chordata,Amphibia,Anura,Eleutherodactylidae,Eleutherodactylus cooki,Exercise metabolism,Active MR,RMR,Lab,23,0.261,4.003,11,0.35,0.32,,0.35,0,0.365443758,1999,Rogowitz and Sanchez-Rivoleda (1999),103,Copeia,0.98
Chordata,Amphibia,Anura,Eleutherodactylidae,Eleutherodactylus cooki,Exercise metabolism,Active MR,RMR,Lab,30,0.261,4.003,11,0.26,0.44,,0.26,0,0.26610841,1999,Rogowitz and Sanchez-Rivoleda (1999),103,Copeia,0.98
Chordata,Amphibia,Anura,Eleutherodactylidae,Eleutherodactylus cooki,Cumulative distance jumped,Movement/activity,RMR,Lab,18,0.632,4.292,11,0.16,> 0.1,,0.16,0,0.161386698,1999,Rogowitz and Sanchez-Rivoleda (1999),103,Copeia,0.98
Chordata,Amphibia,Anura,Eleutherodactylidae,Eleutherodactylus cooki,Cumulative distance jumped,Movement/activity,RMR,Lab,23,0.632,4.292,11,-0.17,> 0.1,,-0.17,0,-0.171666665,1999,Rogowitz and Sanchez-Rivoleda (1999),103,Copeia,0.98
Chordata,Amphibia,Anura,Eleutherodactylidae,Eleutherodactylus cooki,Cumulative distance jumped,Movement/activity,RMR,Lab,30,0.632,4.292,11,0.4,> 0.1,,0.4,0,0.423648935,1999,Rogowitz and Sanchez-Rivoleda (1999),103,Copeia,0.98
Chordata,Amphibia,Anura,Eleutherodactylidae,Eleutherodactylus cooki,Maximum distance per jump,Movement/activity,RMR,Lab,18,0.341,3.745,9,-0.09,> 0.1,,-0.09,0,-0.090244189,1999,Rogowitz and Sanchez-Rivoleda (1999),103,Copeia,0.98
Chordata,Amphibia,Anura,Eleutherodactylidae,Eleutherodactylus cooki,Maximum distance per jump,Movement/activity,RMR,Lab,23,0.341,3.745,9,0.5,> 0.1,,0.5,0,0.54930615,1999,Rogowitz and Sanchez-Rivoleda (1999),103,Copeia,0.98
Chordata,Amphibia,Anura,Eleutherodactylidae,Eleutherodactylus cooki,Maximum distance per jump,Movement/activity,RMR,Lab,30,0.341,3.745,9,-0.36,> 0.1,,-0.36,0,-0.376885905,1999,Rogowitz and Sanchez-Rivoleda (1999),103,Copeia,0.98
Chordata,Aves,Passeriformes,Estrildidae,Taeniopygia guttata,Survival,Survival,BMR,Lab,35,NA,NA,66,0.067,0.585,,0.067,0,0.067100526,2014,Ronning et al (2014),104,Plos One,2.806
Chordata,Aves,Passeriformes,Estrildidae,Taeniopygia guttata,Survival,Survival,BMR,Lab,35,NA,NA,66,0.203,0.098,,0.203,0,0.205859521,2014,Ronning et al (2014),104,Plos One,2.806
Chordata,Aves,Passeriformes,Estrildidae,Taeniopygia guttata,Survival,Survival,BMR,Lab,35,NA,NA,66,0.194,0.115,,0.194,0,0.196490278,2014,Ronning et al (2014),104,Plos One,2.806
Chordata,Aves,Passeriformes,Estrildidae,Taeniopygia guttata,Survival,Survival,BMR,Lab,35,NA,NA,66,0.103,0.404,,0.103,0,0.10336658,2014,Ronning et al (2014),104,Plos One,2.806
Chordata,Actinopterygii,Perciformes,Cichlidae,Oreochromis mossambicus,Aggression,Dominance,RMR,Lab,26,2.625,75.8,192,0.8,< 0.05,0.8,,1,1.0986123,2006,Ros et al (2006),105,Physiology & Behavior,2.341
Chordata,Actinopterygii,Perciformes,Cichlidae,Oreochromis mossambicus,Frontal display,Dominance,RMR,Lab,26,2.625,75.8,192,0.62,< 0.05,0.62,,1,0.725005095,2006,Ros et al (2006),105,Physiology & Behavior,2.341
Chordata,Actinopterygii,Perciformes,Cichlidae,Oreochromis mossambicus,Lateral display,Dominance,RMR,Lab,26,2.625,75.8,192,0.55,< 0.05,0.55,,1,0.61838132,2006,Ros et al (2006),105,Physiology & Behavior,2.341
Chordata,Actinopterygii,Perciformes,Cichlidae,Oreochromis mossambicus,Tail-beat,Dominance,RMR,Lab,26,2.625,75.8,192,0.56,< 0.05,0.56,,1,0.632833193,2006,Ros et al (2006),105,Physiology & Behavior,2.341
Chordata,Actinopterygii,Perciformes,Cichlidae,Oreochromis mossambicus,Activity,Movement/activity,RMR,Lab,26,2.625,75.8,192,0.76,< 0.05,0.76,,1,0.996215093,2006,Ros et al (2006),105,Physiology & Behavior,2.341
Chordata,Aves,Passeriformes,Muscicapidae,Ficedula hypoleuca,Dominance,Dominance,RMR,Lab,-10,NA,NA,13,0.55,< 0.05,0.55,,1,0.61838132,1986,Roskaft et al (1986),106,Animal Behaviour,2.869
Chordata,Aves,Passeriformes,Paridae,Parus major,Dominance,Dominance,RMR,Lab,-10,NA,NA,11,0.77,< 0.01,0.77,,1,1.020327769,1986,Roskaft et al (1986),106,Animal Behaviour,2.869
Chordata,Aves,Passeriformes,Muscicapidae,Ficedula hypoleuca,Pairing speed,Reproduction,RMR,Lab,10,NA,NA,13,0.72,< 0.01,0.72,,1,0.907644993,1986,Roskaft et al (1986),106,Animal Behaviour,2.869
Chordata,Mammalia,Rodentia,Cricetidae,Myodes glareolus,"Cold-induced aerobic capacity, averaged",Aerobic capacity,BMR,Lab,30,53.08,23.353,950,-0.06,0.09,,-0.06,0,-0.060072157,2005,Sadowska et al (2005),107,Evolution,4.201
Chordata,Mammalia,Rodentia,Cricetidae,Myodes glareolus,"Cold-induced aerobic capacity, trial 1",Aerobic capacity,BMR,Lab,30,52.438,21.588,868,-0.05,0.174,,-0.05,0,-0.05004173,2005,Sadowska et al (2005),107,Evolution,4.201
Chordata,Mammalia,Rodentia,Cricetidae,Myodes glareolus,"Cold-induced aerobic capacity, trial 2",Aerobic capacity,BMR,Lab,30,53.814,25.371,661,-0.1,0.015,-0.1,,1,-0.100335349,2005,Sadowska et al (2005),107,Evolution,4.201
Chordata,Mammalia,Rodentia,Cricetidae,Myodes glareolus,"Swimming aerobic capacity, averaged",Aerobic capacity,BMR,Lab,30,53.08,23.353,1017,0.05,0.1,,0.05,0,0.05004173,2005,Sadowska et al (2005),107,Evolution,4.201
Chordata,Mammalia,Rodentia,Cricetidae,Myodes glareolus,"Swimming aerobic capacity, trial 1",Aerobic capacity,BMR,Lab,30,52.438,21.588,913,0.05,0.176,,0.05,0,0.05004173,2005,Sadowska et al (2005),107,Evolution,4.201
Chordata,Mammalia,Rodentia,Cricetidae,Myodes glareolus,"Swimming aerobic capacity, trial 2",Aerobic capacity,BMR,Lab,30,53.814,25.371,706,0.02,0.575,,0.02,0,0.020002668,2005,Sadowska et al (2005),107,Evolution,4.201
Chordata,Mammalia,Rodentia,Cricetidae,Myodes glareolus,Mass change on low-quality diet,Growth,BMR,Lab,30,53.08,23.353,870,-0.04,0.239,,-0.04,0,-0.040021354,2009,Sadowska et al (2009),108,Evolution,4.201
Chordata,Mammalia,Rodentia,Cricetidae,Myodes glareolus,Post-weaning growth rate,Growth,BMR,Lab,30,53.08,23.353,1036,0.06,0.07,,0.06,0,0.060072157,2009,Sadowska et al (2009),108,Evolution,4.201
Chordata,Mammalia,Rodentia,Cricetidae,Myodes glareolus,Mass at weaning,Reproduction,BMR,Lab,30,53.08,23.353,1037,0.04,0.173,,0.04,0,0.040021354,2009,Sadowska et al (2009),108,Evolution,4.201
Chordata,Mammalia,Rodentia,Cricetidae,Myodes glareolus,Activity in chamber,Movement/activity,BMR,Lab,28,58.382,23.377,313,0.122,0.12,,0.12,0,0.122610748,2015,Sadowska et al (2015),109,Proceedings of the Royal Society B-Biological Sciences,4.94
Chordata,Mammalia,Rodentia,Sciuridae,Marmota flaviventris,Home range,Dominance,RMR,Field,NA,NA,3210,29,0.764,< 0.001,0.764,,1,1.005753726,1995,Salsbury and Armitage (1995),110,Canadian Journal of Zoology-Revue Canadienne De Zoologie,1.347
Chordata,Mammalia,Rodentia,Sciuridae,Marmota flaviventris,Inter-female distance,Dominance,RMR,Field,NA,NA,3210,29,0.431,0.058,,0.431,0,0.461124178,1995,Salsbury and Armitage (1995),110,Canadian Journal of Zoology-Revue Canadienne De Zoologie,1.347
Arthropoda,Insecta,Blattodea,Blaberidae,Nauphoeta cinerea,Clutch size,Reproduction,SMR,Lab,25,0.141,0.63,126,0.091,0.32,,0.091,0,0.091252447,2012,Schimpf et al (2012a),111,Biology Open,2.095
Arthropoda,Insecta,Blattodea,Blaberidae,Nauphoeta cinerea,Clutch size,Reproduction,SMR,Lab,25,0.136,0.51,48,-0.021,0.89,,-0.021,0,-0.021003088,2012,Schimpf et al (2012a),111,Biology Open,2.095
Arthropoda,Insecta,Blattodea,Blaberidae,Nauphoeta cinerea,Gestation duration,Reproduction,SMR,Lab,25,0.141,0.63,126,-0.219,0.01,-0.219,,1,-0.222605492,2012,Schimpf et al (2012a),111,Biology Open,2.095
Arthropoda,Insecta,Blattodea,Blaberidae,Nauphoeta cinerea,Gestation duration,Reproduction,SMR,Lab,25,0.136,0.51,48,-0.149,0.32,,-0.149,0,-0.150117576,2012,Schimpf et al (2012a),111,Biology Open,2.095
Arthropoda,Insecta,Blattodea,Blaberidae,Nauphoeta cinerea,Survival,Survival,SMR,Lab,25,0.121,0.474,96,0.043,0.67,,0.043,0,0.043026532,2012,Schimpf et al (2012b),112,Evolution,4.201
Chordata,Actinopterygii,Cyprinodontiformes,Poeciliidae,Gambusia holbrooki,VO2max,Active MR,RMR,Lab,20,0.251,0.985,20,0.24,0.3,,0.24,0,0.244774115,2013,Seebacher et al (2013),113,Journal of Experimental Biology,3.32
Chordata,Actinopterygii,Cyprinodontiformes,Poeciliidae,Gambusia holbrooki,VO2max,Active MR,RMR,Lab,30,0.33,0.985,20,0.16,0.51,,0.16,0,0.161386698,2013,Seebacher et al (2013),113,Journal of Experimental Biology,3.32
Chordata,Aves,Passeriformes,Fringillidae,Spinus spinus,Bib size (dominance measure),Dominance,RMR,Lab,20,152,14.1,23,-0.65,< 0.001,-0.65,,1,-0.775298714,2000,Senar et al (2000),114,Animal Behaviour,2.869
Chordata,Aves,Passeriformes,Fringillidae,Spinus spinus,Bib size (dominance measure),Dominance,RMR,Lab,20,127.1,14.1,23,-0.03,0.88,,-0.03,0,-0.030009005,2000,Senar et al (2000),114,Animal Behaviour,2.869
Chordata,Aves,Passeriformes,Fringillidae,Spinus spinus,Dominance score,Dominance,RMR,Lab,20,152,14.1,11,-0.85,< 0.01,,-0.85,0,-1.256152825,2000,Senar et al (2000),114,Animal Behaviour,2.869
Chordata,Aves,Passeriformes,Fringillidae,Spinus spinus,Dominance score,Dominance,RMR,Lab,20,127.1,14.1,11,-0.25,0.52,,-0.25,0,-0.255412815,2000,Senar et al (2000),114,Animal Behaviour,2.869
Chordata,Mammalia,Rodentia,Cricetidae,Microtus agrestis,Daily energy expenditure (DEE),Active MR,RMR,Lab,25,60.958,20.4,75,0.283,0.026,0.283,,1,0.290940265,2003,Speakman et al (2003),115,Proceedings of the National Academy of Sciences,9.661
Chordata,Mammalia,Rodentia,Muridae,Mus musculus domesticus,Longevity,Survival,RMR,Lab,30,215.07,36.036,42,0.374,0.008,0.374,,1,0.424839979,2004,Speakman et al (2004),116,Aging Cell,6.714
Chordata,Aves,Passeriformes,Emberizidae,Junco hyemalis,Maximum metabolic rate - exercise,Active MR,BMR,Lab,30,74.46,19,23,0.27,0.113,,0.27,0,0.352962257,2012,Swanson et al (2012),117,Plos One,2.806
Chordata,Aves,Passeriformes,Emberizidae,Junco hyemalis,Summit metabolism - thermogenic (Msum),Active MR,BMR,Lab,30,74.46,19,23,0.089,0.301,,0.089,0,0.234189469,2012,Swanson et al (2012),117,Plos One,2.806
Chordata,Aves,Passeriformes,Passeridae,Passer domesticus,Summit metabolism - thermogenic (Msum),Active MR,BMR,Lab,30,78.433,27.2,39,0.186,0.134,,0.186,0,0.250086532,2012,Swanson et al (2012),117,Plos One,2.806
Chordata,Aves,Passeriformes,Paridae,Poecile atricapillus,Summit metabolism - thermogenic (Msum),Active MR,BMR,Lab,30,61.86,12.9,13,0,0.47,,0,0,0.222605492,2012,Swanson et al (2012),117,Plos One,2.806
Chordata,Reptilia,Squamata,Varanidae,Varanus eremius,VO2max,Active MR,SMR,Lab,35,6.16,20,8,-0.014,0.49,,-0.014,0,-0.014000915,1997,Thompson and Withers (1997),118,Physiological Zoology,2.104
Chordata,Aves,Passeriformes,Troglodytidae,Troglodytes aedon,Field metabolic rate (FMR),Active MR,BMR,Field,31.5,36.93,13.316,27,0.45,0.019,0.019,,1,0.484700284,2008,Tieleman et al (2008),119,Behavioral Ecology,3.311
Chordata,Mammalia,Rodentia,Cricetidae,Microtus pennsylvanicus,Time spent active,Movement/activity,RMR,Lab,30.75,71.9,21.4,36,0.035,0.84,,0.035,0,0.035014303,2011,Timonin et al (2011),120,Journal of Zoology,2.186
Chordata,Mammalia,Rodentia,Cricetidae,Microtus pennsylvanicus,Time spent searching behaviour,Movement/activity,RMR,Lab,30.75,71.9,21.4,36,0.043,0.8,,0.043,0,0.043026532,2011,Timonin et al (2011),120,Journal of Zoology,2.186
Chordata,Mammalia,Artiodactyla,Cervidae,Cervus elaphus,Dominance,Dominance,RMR,Field,NA,NA,NA,11,1,< 0.001,1,,1,1.068776986,2013,Turbill et al (2013),121,Physiological and Biochemical Zoology,2.104
Chordata,Mammalia,Artiodactyla,Cervidae,Cervus elaphus,Dominance,Dominance,RMR,Field,NA,NA,NA,11,0.772,< 0.001,0.772,,1,0.710515527,2013,Turbill et al (2013),121,Physiological and Biochemical Zoology,2.104
Chordata,Amphibia,Anura,Bufonidae,Anaxyrus woodhousii,Vo2max,Active MR,RMR,Lab,22.75,1.468,16.767,38,0.374,0.0208,0.374,,1,0.393065555,1988,Walton (1988),122,Physiological Zoology,2.104
Chordata,Amphibia,Anura,Bufonidae,Anaxyrus woodhousii,Sprint speed,Aerobic capacity,RMR,Lab,22.75,1.468,16.767,38,0.141,> 0.05,,0.141,0,0.141945715,1988,Walton (1988),122,Physiological Zoology,2.104
Chordata,Amphibia,Anura,Bufonidae,Anaxyrus woodhousii,Sustained speed,Aerobic capacity,RMR,Lab,22.75,1.468,16.767,38,0.141,> 0.05,,0.141,0,0.141945715,1988,Walton (1988),122,Physiological Zoology,2.104
Chordata,Amphibia,Anura,Bufonidae,Anaxyrus woodhousii,Distance moved,Movement/activity,RMR,Field,22.75,1.468,16.767,11,-0.45,> 0.05,,-0.45,0,-0.484700284,1990,Walton (1988),122,Physiological Zoology,2.104
Chordata,Amphibia,Anura,Bufonidae,Anaxyrus woodhousii,Hops per minute,Movement/activity,RMR,Field,22.75,1.468,16.767,17,-0.011,> 0.05,,-0.011,0,-0.011000444,1989,Walton (1988),122,Physiological Zoology,2.104
Chordata,Mammalia,Rodentia,Muridae,Mus musculus domesticus,Vo2max,Active MR,BMR,Lab,30,36,23.7,1334,0.13,< 0.05,0.13,,1,0.130739851,2009,Wone et al (2009),123,Proceedings of the Royal Society B: Biological Sciences,4.94
Chordata,Actinopterygii,Salmoniformes,Salmonidae,Oncorhynchus masou,Dominance,Dominance,RMR,Lab,10,0.902,3.1,5,0.9,< 0.08,,0.9,0,1.472219505,1998,Yamamoto et al (1998),124,Journal of Fish Biology,1.519
Chordata,Actinopterygii,Salmoniformes,Salmonidae,Oncorhynchus masou,Dominance,Dominance,RMR,Lab,10,0.902,3.1,7,0.429,> 0.05,,0.429,0,0.458670489,1998,Yamamoto et al (1998),124,Journal of Fish Biology,1.519
Chordata,Actinopterygii,Salmoniformes,Salmonidae,Oncorhynchus masou,Dominance,Dominance,RMR,Lab,10,0.902,3.1,6,0.829,< 0.08,,0.829,0,1.184930558,1998,Yamamoto et al (1998),124,Journal of Fish Biology,1.519
Chordata,Mammalia,Rodentia,Cricetidae,Lasiopodomys brandtii,Litter mass,Reproduction,RMR,Lab,30,150.812,50,22,0.479,< 0.05,0.479,,1,0.521685716,2008,Zhang et al (2008),125,Journal of Comparative Physiology B-Biochemical Systemic and Environmental Physiology,1.947
Chordata,Mammalia,Rodentia,Cricetidae,Lasiopodomys brandtii,Litter size,Reproduction,RMR,Lab,30,150.812,50,22,0.361,> 0.05,,0.361,0,0.378035278,2008,Zhang et al (2008),125,Journal of Comparative Physiology B-Biochemical Systemic and Environmental Physiology,1.947
Chordata,Mammalia,Rodentia,Cricetidae,Eothenomys miletus,Litter mass of early lactation,Reproduction,RMR,Lab,25,84.09,40.03,9,0.363,> 0.05,,0.363,0,0.380336892,2014,Zhu and Wang (2014),126,Zoological Studies,1.008
Chordata,Mammalia,Rodentia,Cricetidae,Eothenomys miletus,Litter mass of early lactation,Reproduction,RMR,Lab,25,117.4,26.92,9,0.836,< 0.01,0.836,,1,1.207739084,2014,Zhu and Wang (2014),126,Zoological Studies,1.008
Chordata,Mammalia,Rodentia,Cricetidae,Eothenomys miletus,Litter mass of late lactation,Reproduction,RMR,Lab,25,84.09,40.03,9,0.356,> 0.05,,0.356,0,0.372297875,2014,Zhu and Wang (2014),126,Zoological Studies,1.008
Chordata,Mammalia,Rodentia,Cricetidae,Eothenomys miletus,Litter mass of late lactation,Reproduction,RMR,Lab,25,117.4,26.92,9,0.891,< 0.01,0.891,,1,1.426756608,2014,Zhu and Wang (2014),126,Zoological Studies,1.008
Chordata,Mammalia,Rodentia,Cricetidae,Eothenomys miletus,Litter size of early lactation,Reproduction,RMR,Lab,25,84.09,40.03,9,0.382,> 0.05,,0.382,0,0.402399278,2014,Zhu and Wang (2014),126,Zoological Studies,1.008
Chordata,Mammalia,Rodentia,Cricetidae,Eothenomys miletus,Litter size of early lactation,Reproduction,RMR,Lab,25,117.4,26.92,9,0.697,< 0.05,0.697,,1,0.861442239,2014,Zhu and Wang (2014),126,Zoological Studies,1.008
Chordata,Mammalia,Rodentia,Cricetidae,Eothenomys miletus,Litter size of late lactation,Reproduction,RMR,Lab,25,84.09,40.03,9,0.128,> 0.05,,0.128,0,0.128706005,2014,Zhu and Wang (2014),126,Zoological Studies,1.008
Chordata,Mammalia,Rodentia,Cricetidae,Eothenomys miletus,Litter size of late lactation,Reproduction,RMR,Lab,25,117.4,26.92,9,0.788,< 0.05,0.788,,1,1.066133352,2014,Zhu and Wang (2014),126,Zoological Studies,1.008
